population,access_rate,beta,pfpr2to10
10.0,0.451,0.001,0.0
10.0,0.451,0.005,0.0
10.0,0.451,0.01,0.0
10.0,0.451,0.0125,0.0
10.0,0.451,0.015,0.0
10.0,0.451,0.02,0.0
10.0,0.451,0.03,0.0
10.0,0.451,0.04,0.0
10.0,0.451,0.05,0.0
10.0,0.451,0.1,0.0
10.0,0.451,0.15,0.0
10.0,0.451,0.2,0.0
10.0,0.451,0.25,2.7281746031746037
10.0,0.451,0.3,0.0
10.0,0.451,0.4,2.0000000000000004
10.0,0.451,0.5,9.791666666666668
10.0,0.451,0.6,9.944444444444445
10.0,0.451,0.8,16.666666666666664
10.0,0.451,1.0,23.263888888888893
10.0,0.486,0.001,0.0
10.0,0.486,0.005,0.0
10.0,0.486,0.01,0.0
10.0,0.486,0.0125,0.0
10.0,0.486,0.015,0.0
10.0,0.486,0.02,0.0
10.0,0.486,0.03,0.0
10.0,0.486,0.04,0.0
10.0,0.486,0.05,0.0
10.0,0.486,0.1,0.0
10.0,0.486,0.15,0.0
10.0,0.486,0.2,0.0
10.0,0.486,0.25,2.604166666666667
10.0,0.486,0.3,0.9166666666666664
10.0,0.486,0.4,6.87251984126984
10.0,0.486,0.5,3.5416666666666665
10.0,0.486,0.6,13.055555555555554
10.0,0.486,0.8,7.819444444444445
10.0,0.486,1.0,21.354166666666664
10.0,0.561,0.001,0.0
10.0,0.561,0.005,0.0
10.0,0.561,0.01,0.0
10.0,0.561,0.0125,0.0
10.0,0.561,0.015,0.0
10.0,0.561,0.02,0.0
10.0,0.561,0.03,0.0
10.0,0.561,0.04,0.0
10.0,0.561,0.05,0.0
10.0,0.561,0.1,0.0
10.0,0.561,0.15,2.2222222222222223
10.0,0.561,0.2,1.5625
10.0,0.561,0.25,0.0
10.0,0.561,0.3,0.0
10.0,0.561,0.4,8.125
10.0,0.561,0.5,17.616161616161616
10.0,0.561,0.6,23.993055555555554
10.0,0.561,0.8,16.42361111111111
10.0,0.561,1.0,42.34027777777778
10.0,0.603,0.001,0.0
10.0,0.603,0.005,0.0
10.0,0.603,0.01,0.0
10.0,0.603,0.0125,0.0
10.0,0.603,0.015,0.0
10.0,0.603,0.02,0.0
10.0,0.603,0.03,0.0
10.0,0.603,0.04,0.0
10.0,0.603,0.05,0.0
10.0,0.603,0.1,0.0
10.0,0.603,0.15,0.0
10.0,0.603,0.2,0.0
10.0,0.603,0.25,0.0
10.0,0.603,0.3,2.708333333333333
10.0,0.603,0.4,2.6388888888888884
10.0,0.603,0.5,4.583333333333333
10.0,0.603,0.6,14.208333333333332
10.0,0.603,0.8,24.59027777777778
10.0,0.603,1.0,39.36111111111111
10.0,0.661,0.001,0.0
10.0,0.661,0.005,0.0
10.0,0.661,0.01,0.0
10.0,0.661,0.0125,0.0
10.0,0.661,0.015,0.0
10.0,0.661,0.02,0.0
10.0,0.661,0.03,0.0
10.0,0.661,0.04,0.0
10.0,0.661,0.05,0.0
10.0,0.661,0.1,0.0
10.0,0.661,0.15,0.0
10.0,0.661,0.2,2.5
10.0,0.661,0.25,0.0
10.0,0.661,0.3,5.270833333333333
10.0,0.661,0.4,8.020833333333332
10.0,0.661,0.5,6.333333333333334
10.0,0.661,0.6,5.979166666666666
10.0,0.661,0.8,19.63888888888889
10.0,0.661,1.0,30.430555555555554
10.0,0.676,0.001,0.0
10.0,0.676,0.005,0.0
10.0,0.676,0.01,0.0
10.0,0.676,0.0125,0.0
10.0,0.676,0.015,0.0
10.0,0.676,0.02,0.0
10.0,0.676,0.03,0.0
10.0,0.676,0.04,0.0
10.0,0.676,0.05,0.0
10.0,0.676,0.1,0.0
10.0,0.676,0.15,0.0
10.0,0.676,0.2,3.8194444444444438
10.0,0.676,0.25,6.604166666666667
10.0,0.676,0.3,0.0
10.0,0.676,0.4,0.0
10.0,0.676,0.5,5.256944444444445
10.0,0.676,0.6,12.208333333333332
10.0,0.676,0.8,24.09722222222222
10.0,0.676,1.0,20.375
10.0,0.755,0.001,0.0
10.0,0.755,0.005,0.0
10.0,0.755,0.01,0.0
10.0,0.755,0.0125,0.0
10.0,0.755,0.015,0.0
10.0,0.755,0.02,0.0
10.0,0.755,0.03,0.0
10.0,0.755,0.04,0.0
10.0,0.755,0.05,0.0
10.0,0.755,0.1,0.0
10.0,0.755,0.15,0.0
10.0,0.755,0.2,0.4375
10.0,0.755,0.25,1.2152777777777772
10.0,0.755,0.3,0.0
10.0,0.755,0.4,8.555555555555555
10.0,0.755,0.5,5.5555555555555545
10.0,0.755,0.6,4.131944444444445
10.0,0.755,0.8,30.736111111111107
10.0,0.755,1.0,29.90277777777778
10.0,0.783,0.001,0.0
10.0,0.783,0.005,0.0
10.0,0.783,0.01,0.0
10.0,0.783,0.0125,0.0
10.0,0.783,0.015,0.0
10.0,0.783,0.02,0.0
10.0,0.783,0.03,0.0
10.0,0.783,0.04,0.0
10.0,0.783,0.05,0.0
10.0,0.783,0.1,0.0
10.0,0.783,0.15,0.0
10.0,0.783,0.2,0.0
10.0,0.783,0.25,0.0
10.0,0.783,0.3,0.8333333333333333
10.0,0.783,0.4,2.583333333333333
10.0,0.783,0.5,7.999999999999998
10.0,0.783,0.6,11.944444444444445
10.0,0.783,0.8,4.791666666666666
10.0,0.783,1.0,18.428571428571427
10.0,0.787,0.001,0.0
10.0,0.787,0.005,0.0
10.0,0.787,0.01,0.0
10.0,0.787,0.0125,0.0
10.0,0.787,0.015,0.0
10.0,0.787,0.02,0.0
10.0,0.787,0.03,0.0
10.0,0.787,0.04,0.0
10.0,0.787,0.05,0.0
10.0,0.787,0.1,0.0
10.0,0.787,0.15,0.0
10.0,0.787,0.2,0.0
10.0,0.787,0.25,0.0
10.0,0.787,0.3,0.0
10.0,0.787,0.4,0.0
10.0,0.787,0.5,6.388888888888888
10.0,0.787,0.6,4.354166666666667
10.0,0.787,0.8,25.395833333333332
10.0,0.787,1.0,20.65972222222222
10.0,0.847,0.001,0.0
10.0,0.847,0.005,0.0
10.0,0.847,0.01,0.0
10.0,0.847,0.0125,0.0
10.0,0.847,0.015,0.0
10.0,0.847,0.02,0.0
10.0,0.847,0.03,0.0
10.0,0.847,0.04,0.0
10.0,0.847,0.05,0.0
10.0,0.847,0.1,0.0
10.0,0.847,0.15,0.0
10.0,0.847,0.2,2.4375
10.0,0.847,0.25,0.0
10.0,0.847,0.3,7.569444444444445
10.0,0.847,0.4,4.583333333333333
10.0,0.847,0.5,4.945436507936508
10.0,0.847,0.6,9.208333333333332
10.0,0.847,0.8,21.04513888888889
10.0,0.847,1.0,37.37185846560847
20.0,0.451,0.001,0.0
20.0,0.451,0.005,0.0
20.0,0.451,0.01,0.0
20.0,0.451,0.0125,0.0
20.0,0.451,0.015,0.0
20.0,0.451,0.02,0.0
20.0,0.451,0.03,0.0
20.0,0.451,0.04,0.0
20.0,0.451,0.05,0.0
20.0,0.451,0.1,0.0
20.0,0.451,0.15,2.1875
20.0,0.451,0.2,1.4484126984126982
20.0,0.451,0.25,3.5199175824175826
20.0,0.451,0.3,6.715773809523808
20.0,0.451,0.4,26.604268416768416
20.0,0.451,0.5,35.45982142857143
20.0,0.451,0.6,29.639550264550262
20.0,0.451,0.8,39.96775793650794
20.0,0.451,1.0,40.29861111111111
20.0,0.486,0.001,0.0
20.0,0.486,0.005,0.0
20.0,0.486,0.01,0.0
20.0,0.486,0.0125,0.0
20.0,0.486,0.015,0.0
20.0,0.486,0.02,0.0
20.0,0.486,0.03,0.0
20.0,0.486,0.04,0.0
20.0,0.486,0.05,0.0
20.0,0.486,0.1,0.0
20.0,0.486,0.15,1.388062169312169
20.0,0.486,0.2,3.242063492063491
20.0,0.486,0.25,14.83581349206349
20.0,0.486,0.3,12.294871794871796
20.0,0.486,0.4,29.2906746031746
20.0,0.486,0.5,33.85251322751323
20.0,0.486,0.6,46.44378306878307
20.0,0.486,0.8,40.98511904761905
20.0,0.486,1.0,46.175595238095234
20.0,0.561,0.001,0.0
20.0,0.561,0.005,0.0
20.0,0.561,0.01,0.0
20.0,0.561,0.0125,0.0
20.0,0.561,0.015,0.0
20.0,0.561,0.02,0.0
20.0,0.561,0.03,0.0
20.0,0.561,0.04,0.0
20.0,0.561,0.05,0.0
20.0,0.561,0.1,0.37962962962962965
20.0,0.561,0.15,1.2753496503496502
20.0,0.561,0.2,7.046296296296296
20.0,0.561,0.25,6.581439393939394
20.0,0.561,0.3,18.507305194805195
20.0,0.561,0.4,25.40294312169312
20.0,0.561,0.5,21.833333333333332
20.0,0.561,0.6,34.46825396825396
20.0,0.561,0.8,42.43353174603175
20.0,0.561,1.0,48.4186507936508
20.0,0.603,0.001,0.0
20.0,0.603,0.005,0.0
20.0,0.603,0.01,0.0
20.0,0.603,0.0125,0.0
20.0,0.603,0.015,0.0
20.0,0.603,0.02,0.0
20.0,0.603,0.03,0.0
20.0,0.603,0.04,0.0
20.0,0.603,0.05,0.0
20.0,0.603,0.1,2.596153846153846
20.0,0.603,0.15,3.1150793650793647
20.0,0.603,0.2,6.513888888888888
20.0,0.603,0.25,11.829515834111422
20.0,0.603,0.3,17.389475108225106
20.0,0.603,0.4,20.73991402116402
20.0,0.603,0.5,22.439604377104377
20.0,0.603,0.6,44.07407407407407
20.0,0.603,0.8,50.69229497354497
20.0,0.603,1.0,47.86210317460318
20.0,0.661,0.001,0.0
20.0,0.661,0.005,0.0
20.0,0.661,0.01,0.0
20.0,0.661,0.0125,0.0
20.0,0.661,0.015,0.0
20.0,0.661,0.02,0.0
20.0,0.661,0.03,0.0
20.0,0.661,0.04,0.0
20.0,0.661,0.05,0.0
20.0,0.661,0.1,0.0
20.0,0.661,0.15,0.0
20.0,0.661,0.2,6.635416666666666
20.0,0.661,0.25,16.048024891774894
20.0,0.661,0.3,9.340112433862434
20.0,0.661,0.4,25.976686507936506
20.0,0.661,0.5,25.792989417989418
20.0,0.661,0.6,27.59496753246753
20.0,0.661,0.8,48.023478835978835
20.0,0.661,1.0,45.01124338624338
20.0,0.676,0.001,0.0
20.0,0.676,0.005,0.0
20.0,0.676,0.01,0.0
20.0,0.676,0.0125,0.0
20.0,0.676,0.015,0.0
20.0,0.676,0.02,0.0
20.0,0.676,0.03,0.0
20.0,0.676,0.04,0.0
20.0,0.676,0.05,0.0
20.0,0.676,0.1,0.0
20.0,0.676,0.15,2.467592592592593
20.0,0.676,0.2,2.937334656084656
20.0,0.676,0.25,12.662863756613756
20.0,0.676,0.3,13.654040404040405
20.0,0.676,0.4,26.98115079365079
20.0,0.676,0.5,31.959821428571427
20.0,0.676,0.6,43.92228835978836
20.0,0.676,0.8,46.24685846560847
20.0,0.676,1.0,48.857142857142854
20.0,0.755,0.001,0.0
20.0,0.755,0.005,0.0
20.0,0.755,0.01,0.0
20.0,0.755,0.0125,0.0
20.0,0.755,0.015,0.0
20.0,0.755,0.02,0.0
20.0,0.755,0.03,0.0
20.0,0.755,0.04,0.0
20.0,0.755,0.05,0.0
20.0,0.755,0.1,2.0717592592592586
20.0,0.755,0.15,1.944444444444444
20.0,0.755,0.2,4.083333333333333
20.0,0.755,0.25,7.55109126984127
20.0,0.755,0.3,7.554563492063491
20.0,0.755,0.4,30.655348124098122
20.0,0.755,0.5,32.61574074074074
20.0,0.755,0.6,29.92914377289377
20.0,0.755,0.8,49.18022486772487
20.0,0.755,1.0,57.32688492063492
20.0,0.783,0.001,0.0
20.0,0.783,0.005,0.0
20.0,0.783,0.01,0.0
20.0,0.783,0.0125,0.0
20.0,0.783,0.015,0.0
20.0,0.783,0.02,0.0
20.0,0.783,0.03,0.0
20.0,0.783,0.04,0.0
20.0,0.783,0.05,0.0
20.0,0.783,0.1,0.0
20.0,0.783,0.15,0.7777777777777777
20.0,0.783,0.2,6.015963203463203
20.0,0.783,0.25,9.79861111111111
20.0,0.783,0.3,12.709325396825397
20.0,0.783,0.4,27.915178571428573
20.0,0.783,0.5,33.60036375661376
20.0,0.783,0.6,38.022817460317455
20.0,0.783,0.8,49.60879629629629
20.0,0.783,1.0,53.28323412698412
20.0,0.787,0.001,0.0
20.0,0.787,0.005,0.0
20.0,0.787,0.01,0.0
20.0,0.787,0.0125,0.0
20.0,0.787,0.015,0.0
20.0,0.787,0.02,0.0
20.0,0.787,0.03,0.0
20.0,0.787,0.04,0.0
20.0,0.787,0.05,0.0
20.0,0.787,0.1,1.5520833333333335
20.0,0.787,0.15,4.269179894179894
20.0,0.787,0.2,4.674768518518518
20.0,0.787,0.25,10.079515392015391
20.0,0.787,0.3,9.653439153439153
20.0,0.787,0.4,23.525748556998554
20.0,0.787,0.5,28.639880952380953
20.0,0.787,0.6,41.27496693121692
20.0,0.787,0.8,44.948502886002885
20.0,0.787,1.0,51.36147186147186
20.0,0.847,0.001,0.0
20.0,0.847,0.005,0.0
20.0,0.847,0.01,0.0
20.0,0.847,0.0125,0.0
20.0,0.847,0.015,0.0
20.0,0.847,0.02,0.0
20.0,0.847,0.03,0.0
20.0,0.847,0.04,0.0
20.0,0.847,0.05,0.0
20.0,0.847,0.1,0.0
20.0,0.847,0.15,6.624428811928811
20.0,0.847,0.2,6.1574074074074066
20.0,0.847,0.25,8.291997354497354
20.0,0.847,0.3,22.798611111111107
20.0,0.847,0.4,14.078869047619046
20.0,0.847,0.5,36.239012145262144
20.0,0.847,0.6,41.33779761904761
20.0,0.847,0.8,48.266865079365076
20.0,0.847,1.0,60.80741885429385
30.0,0.451,0.001,0.0
30.0,0.451,0.005,0.0
30.0,0.451,0.01,0.0
30.0,0.451,0.0125,0.0
30.0,0.451,0.015,0.0
30.0,0.451,0.02,0.0
30.0,0.451,0.03,0.0
30.0,0.451,0.04,0.0
30.0,0.451,0.05,0.0
30.0,0.451,0.1,0.0
30.0,0.451,0.15,5.698140979390979
30.0,0.451,0.2,10.25214947089947
30.0,0.451,0.25,28.95596533096533
30.0,0.451,0.3,30.61254833129833
30.0,0.451,0.4,31.45883977133977
30.0,0.451,0.5,43.61338083213083
30.0,0.451,0.6,44.14165464165464
30.0,0.451,0.8,49.85163332038332
30.0,0.451,1.0,56.40509259259259
30.0,0.486,0.001,0.0
30.0,0.486,0.005,0.0
30.0,0.486,0.01,0.0
30.0,0.486,0.0125,0.0
30.0,0.486,0.015,0.0
30.0,0.486,0.02,0.0
30.0,0.486,0.03,0.0
30.0,0.486,0.04,0.0
30.0,0.486,0.05,0.0
30.0,0.486,0.1,2.9294108669108665
30.0,0.486,0.15,12.618866087616087
30.0,0.486,0.2,14.206319143819144
30.0,0.486,0.25,17.567479973729974
30.0,0.486,0.3,21.248896936396935
30.0,0.486,0.4,34.260747354497354
30.0,0.486,0.5,34.54104922854923
30.0,0.486,0.6,49.11082898582898
30.0,0.486,0.8,49.08297258297258
30.0,0.486,1.0,56.852738696488686
30.0,0.561,0.001,0.0
30.0,0.561,0.005,0.0
30.0,0.561,0.01,0.0
30.0,0.561,0.0125,0.0
30.0,0.561,0.015,0.0
30.0,0.561,0.02,0.0
30.0,0.561,0.03,0.0
30.0,0.561,0.04,0.0
30.0,0.561,0.05,0.0
30.0,0.561,0.1,3.301282051282051
30.0,0.561,0.15,6.429057054057052
30.0,0.561,0.2,15.672064047064046
30.0,0.561,0.25,17.165109196359193
30.0,0.561,0.3,20.33752011877012
30.0,0.561,0.4,32.36492905242905
30.0,0.561,0.5,38.38096047471048
30.0,0.561,0.6,45.183471620971616
30.0,0.561,0.8,52.112929894179885
30.0,0.561,1.0,56.675580206830205
30.0,0.603,0.001,0.0
30.0,0.603,0.005,0.0
30.0,0.603,0.01,0.0
30.0,0.603,0.0125,0.0
30.0,0.603,0.015,0.0
30.0,0.603,0.02,0.0
30.0,0.603,0.03,0.0
30.0,0.603,0.04,0.0
30.0,0.603,0.05,0.0
30.0,0.603,0.1,2.9457070707070705
30.0,0.603,0.15,5.528604497354498
30.0,0.603,0.2,18.047366984866983
30.0,0.603,0.25,16.9097196716682
30.0,0.603,0.3,27.440566378066375
30.0,0.603,0.4,31.700396825396826
30.0,0.603,0.5,32.354896261146266
30.0,0.603,0.6,38.77337592962593
30.0,0.603,0.8,51.59950466200466
30.0,0.603,1.0,56.517729377104374
30.0,0.661,0.001,0.0
30.0,0.661,0.005,0.0
30.0,0.661,0.01,0.0
30.0,0.661,0.0125,0.0
30.0,0.661,0.015,0.0
30.0,0.661,0.02,0.0
30.0,0.661,0.03,0.0
30.0,0.661,0.04,0.0
30.0,0.661,0.05,0.0
30.0,0.661,0.1,2.4244366744366745
30.0,0.661,0.15,2.557375222816399
30.0,0.661,0.2,13.924437830687827
30.0,0.661,0.25,24.729022135272135
30.0,0.661,0.3,28.33149258149258
30.0,0.661,0.4,35.29031732156732
30.0,0.661,0.5,36.50622525622525
30.0,0.661,0.6,40.36992636992637
30.0,0.661,0.8,52.7053502053502
30.0,0.661,1.0,56.944026733500415
30.0,0.676,0.001,0.0
30.0,0.676,0.005,0.0
30.0,0.676,0.01,0.0
30.0,0.676,0.0125,0.0
30.0,0.676,0.015,0.0
30.0,0.676,0.02,0.0
30.0,0.676,0.03,0.0
30.0,0.676,0.04,0.0
30.0,0.676,0.05,0.0
30.0,0.676,0.1,1.4279609279609278
30.0,0.676,0.15,9.15659571909572
30.0,0.676,0.2,17.68665824915825
30.0,0.676,0.25,23.750826719576715
30.0,0.676,0.3,25.1526529026529
30.0,0.676,0.4,33.394480519480524
30.0,0.676,0.5,43.94707491582491
30.0,0.676,0.6,51.85747816997817
30.0,0.676,0.8,49.562890812890814
30.0,0.676,1.0,51.321421633921624
30.0,0.755,0.001,0.0
30.0,0.755,0.005,0.0
30.0,0.755,0.01,0.0
30.0,0.755,0.0125,0.0
30.0,0.755,0.015,0.0
30.0,0.755,0.02,0.0
30.0,0.755,0.03,0.0
30.0,0.755,0.04,0.0
30.0,0.755,0.05,0.0
30.0,0.755,0.1,2.2083333333333335
30.0,0.755,0.15,8.342161310911312
30.0,0.755,0.2,18.738696488696487
30.0,0.755,0.25,32.03971838346838
30.0,0.755,0.3,28.250560781810783
30.0,0.755,0.4,32.300939800939794
30.0,0.755,0.5,36.38812576312576
30.0,0.755,0.6,37.63313422688422
30.0,0.755,0.8,54.303902116402114
30.0,0.755,1.0,56.11465848965848
30.0,0.783,0.001,0.0
30.0,0.783,0.005,0.0
30.0,0.783,0.01,0.0
30.0,0.783,0.0125,0.0
30.0,0.783,0.015,0.0
30.0,0.783,0.02,0.0
30.0,0.783,0.03,0.0
30.0,0.783,0.04,0.0
30.0,0.783,0.05,0.0
30.0,0.783,0.1,3.446127946127946
30.0,0.783,0.15,12.176119597994596
30.0,0.783,0.2,17.208093989343986
30.0,0.783,0.25,19.67161195286195
30.0,0.783,0.3,22.67281907906908
30.0,0.783,0.4,34.128694222444224
30.0,0.783,0.5,45.895037862965495
30.0,0.783,0.6,42.289457070707066
30.0,0.783,0.8,54.257421976171976
30.0,0.783,1.0,53.20489811114811
30.0,0.787,0.001,0.0
30.0,0.787,0.005,0.0
30.0,0.787,0.01,0.0
30.0,0.787,0.0125,0.0
30.0,0.787,0.015,0.0
30.0,0.787,0.02,0.0
30.0,0.787,0.03,0.0
30.0,0.787,0.04,0.0
30.0,0.787,0.05,0.0
30.0,0.787,0.1,4.32510545010545
30.0,0.787,0.15,8.412461381211381
30.0,0.787,0.2,11.131824194324192
30.0,0.787,0.25,23.593406015281015
30.0,0.787,0.3,22.460042272542275
30.0,0.787,0.4,36.198682104932104
30.0,0.787,0.5,35.42834595959596
30.0,0.787,0.6,42.641263828763826
30.0,0.787,0.8,53.79178113553113
30.0,0.787,1.0,60.069417850667854
30.0,0.847,0.001,0.0
30.0,0.847,0.005,0.0
30.0,0.847,0.01,0.0
30.0,0.847,0.0125,0.0
30.0,0.847,0.015,0.0
30.0,0.847,0.02,0.0
30.0,0.847,0.03,0.0
30.0,0.847,0.04,0.0
30.0,0.847,0.05,0.0
30.0,0.847,0.1,1.9658149821193298
30.0,0.847,0.15,5.751749669319329
30.0,0.847,0.2,11.474994912494912
30.0,0.847,0.25,28.110043313168312
30.0,0.847,0.3,19.258032476782475
30.0,0.847,0.4,29.5588474025974
30.0,0.847,0.5,42.24069564694564
30.0,0.847,0.6,40.59214463655253
30.0,0.847,0.8,53.777832121582115
30.0,0.847,1.0,56.863741582491585
40.0,0.451,0.001,0.0
40.0,0.451,0.005,0.0
40.0,0.451,0.01,0.0
40.0,0.451,0.0125,0.0
40.0,0.451,0.015,0.0
40.0,0.451,0.02,0.0
40.0,0.451,0.03,0.0
40.0,0.451,0.04,0.02976190476190476
40.0,0.451,0.05,0.0
40.0,0.451,0.1,1.6881313131313127
40.0,0.451,0.15,12.40157701095201
40.0,0.451,0.2,25.33407261991821
40.0,0.451,0.25,28.933852697010593
40.0,0.451,0.3,36.67476926668103
40.0,0.451,0.4,39.46311310557634
40.0,0.451,0.5,40.9308741027491
40.0,0.451,0.6,49.31699319199319
40.0,0.451,0.8,52.0023372453713
40.0,0.451,1.0,58.770945489695485
40.0,0.486,0.001,0.0
40.0,0.486,0.005,0.0
40.0,0.486,0.01,0.0
40.0,0.486,0.0125,0.0
40.0,0.486,0.015,0.0
40.0,0.486,0.02,0.0
40.0,0.486,0.03,0.0
40.0,0.486,0.04,0.0
40.0,0.486,0.05,0.0
40.0,0.486,0.1,5.183784726983256
40.0,0.486,0.15,14.979784988976164
40.0,0.486,0.2,20.48600011100011
40.0,0.486,0.25,28.26460807710808
40.0,0.486,0.3,37.199424328681296
40.0,0.486,0.4,38.06013431013431
40.0,0.486,0.5,45.001322751322746
40.0,0.486,0.6,45.57454004329004
40.0,0.486,0.8,52.31130096755097
40.0,0.486,1.0,54.05103114478114
40.0,0.561,0.001,0.0
40.0,0.561,0.005,0.0
40.0,0.561,0.01,0.0
40.0,0.561,0.0125,0.0
40.0,0.561,0.015,0.0
40.0,0.561,0.02,0.0
40.0,0.561,0.03,0.0
40.0,0.561,0.04,0.0
40.0,0.561,0.05,0.0
40.0,0.561,0.1,4.050882926269923
40.0,0.561,0.15,15.534744190994193
40.0,0.561,0.2,20.754813473563473
40.0,0.561,0.25,26.495526226224758
40.0,0.561,0.3,25.383757786331316
40.0,0.561,0.4,40.652633246383246
40.0,0.561,0.5,44.6857900906856
40.0,0.561,0.6,43.57665945165945
40.0,0.561,0.8,57.10604788729788
40.0,0.561,1.0,60.814425736300734
40.0,0.603,0.001,0.0
40.0,0.603,0.005,0.0
40.0,0.603,0.01,0.0
40.0,0.603,0.0125,0.0
40.0,0.603,0.015,0.0
40.0,0.603,0.02,0.0
40.0,0.603,0.03,0.0
40.0,0.603,0.04,0.0
40.0,0.603,0.05,0.855263157894737
40.0,0.603,0.1,3.8579545454545454
40.0,0.603,0.15,13.404963205224428
40.0,0.603,0.2,21.48628743941244
40.0,0.603,0.25,23.299287518037517
40.0,0.603,0.3,25.164703556247673
40.0,0.603,0.4,30.088176699389937
40.0,0.603,0.5,43.804738085988085
40.0,0.603,0.6,42.19374375624376
40.0,0.603,0.8,53.74596815042829
40.0,0.603,1.0,54.21902403152403
40.0,0.661,0.001,0.0
40.0,0.661,0.005,0.0
40.0,0.661,0.01,0.0
40.0,0.661,0.0125,0.0
40.0,0.661,0.015,0.0
40.0,0.661,0.02,0.0
40.0,0.661,0.03,0.0
40.0,0.661,0.04,0.0
40.0,0.661,0.05,0.0
40.0,0.661,0.1,8.217265999967237
40.0,0.661,0.15,9.707656069062804
40.0,0.661,0.2,22.955020673770672
40.0,0.661,0.25,26.547169543347945
40.0,0.661,0.3,29.923045126170127
40.0,0.661,0.4,38.50326872201872
40.0,0.661,0.5,47.46802156177156
40.0,0.661,0.6,44.639901512531154
40.0,0.661,0.8,51.45309650180974
40.0,0.661,1.0,57.5070889078242
40.0,0.676,0.001,0.0
40.0,0.676,0.005,0.0
40.0,0.676,0.01,0.0
40.0,0.676,0.0125,0.0
40.0,0.676,0.015,0.0
40.0,0.676,0.02,0.0
40.0,0.676,0.03,0.0
40.0,0.676,0.04,0.0
40.0,0.676,0.05,0.0
40.0,0.676,0.1,6.991276085026084
40.0,0.676,0.15,10.238435829468438
40.0,0.676,0.2,16.467616669822554
40.0,0.676,0.25,20.538407058627648
40.0,0.676,0.3,27.66660885410885
40.0,0.676,0.4,31.087987244237247
40.0,0.676,0.5,45.92384089902472
40.0,0.676,0.6,47.380079717395894
40.0,0.676,0.8,50.80967759092759
40.0,0.676,1.0,56.52344799127887
40.0,0.755,0.001,0.0
40.0,0.755,0.005,0.0
40.0,0.755,0.01,0.0
40.0,0.755,0.0125,0.0
40.0,0.755,0.015,0.0
40.0,0.755,0.02,0.0
40.0,0.755,0.03,0.0
40.0,0.755,0.04,0.7216960670908039
40.0,0.755,0.05,0.0
40.0,0.755,0.1,0.9386446886446885
40.0,0.755,0.15,12.256784881784881
40.0,0.755,0.2,20.830804408010287
40.0,0.755,0.25,27.129582040766252
40.0,0.755,0.3,35.300886239305356
40.0,0.755,0.4,39.38486064589006
40.0,0.755,0.5,39.775145163931924
40.0,0.755,0.6,48.62121327746327
40.0,0.755,0.8,53.670030779405785
40.0,0.755,1.0,56.03173678173679
40.0,0.783,0.001,0.0
40.0,0.783,0.005,0.0
40.0,0.783,0.01,0.0
40.0,0.783,0.0125,0.0
40.0,0.783,0.015,0.0
40.0,0.783,0.02,0.0
40.0,0.783,0.03,0.0
40.0,0.783,0.04,0.0
40.0,0.783,0.05,0.0
40.0,0.783,0.1,2.984866984866985
40.0,0.783,0.15,15.340464245650002
40.0,0.783,0.2,19.303522866022867
40.0,0.783,0.25,17.73414004296357
40.0,0.783,0.3,29.396778405776082
40.0,0.783,0.4,37.277625356669475
40.0,0.783,0.5,46.596699172740834
40.0,0.783,0.6,47.39846438283938
40.0,0.783,0.8,52.424562705812704
40.0,0.783,1.0,57.38414132164132
40.0,0.787,0.001,0.0
40.0,0.787,0.005,0.0
40.0,0.787,0.01,0.0
40.0,0.787,0.0125,0.0
40.0,0.787,0.015,0.0
40.0,0.787,0.02,0.0
40.0,0.787,0.03,0.0
40.0,0.787,0.04,0.0
40.0,0.787,0.05,0.0
40.0,0.787,0.1,5.182043453908779
40.0,0.787,0.15,15.404066385684033
40.0,0.787,0.2,22.385101350174878
40.0,0.787,0.25,28.102012848191254
40.0,0.787,0.3,36.29767747230982
40.0,0.787,0.4,34.97664296595217
40.0,0.787,0.5,41.42848637609667
40.0,0.787,0.6,50.67665667665668
40.0,0.787,0.8,54.07799713222507
40.0,0.787,1.0,58.306326744649105
40.0,0.847,0.001,0.0
40.0,0.847,0.005,0.0
40.0,0.847,0.01,0.0
40.0,0.847,0.0125,0.0
40.0,0.847,0.015,0.0
40.0,0.847,0.02,0.0
40.0,0.847,0.03,0.0
40.0,0.847,0.04,0.0
40.0,0.847,0.05,0.05952380952380952
40.0,0.847,0.1,3.289224664224664
40.0,0.847,0.15,8.038882889985832
40.0,0.847,0.2,18.310532701302826
40.0,0.847,0.25,25.723748473748476
40.0,0.847,0.3,27.73718682024603
40.0,0.847,0.4,39.15947128171393
40.0,0.847,0.5,41.207667114428624
40.0,0.847,0.6,44.30996219874896
40.0,0.847,0.8,50.95099156244989
40.0,0.847,1.0,60.53452113833306
50.0,0.451,0.001,0.0
50.0,0.451,0.005,0.0
50.0,0.451,0.01,0.0
50.0,0.451,0.0125,0.0
50.0,0.451,0.015,0.0
50.0,0.451,0.02,0.0
50.0,0.451,0.03,0.0
50.0,0.451,0.04,0.0
50.0,0.451,0.05,0.0
50.0,0.451,0.1,3.141101284193389
50.0,0.451,0.15,19.906675020431077
50.0,0.451,0.2,22.849998313233606
50.0,0.451,0.25,30.759353230738032
50.0,0.451,0.3,29.014479353778892
50.0,0.451,0.4,41.942647723220475
50.0,0.451,0.5,46.88409102471603
50.0,0.451,0.6,47.857223794723794
50.0,0.451,0.8,52.72305934805935
50.0,0.451,1.0,60.86095675158175
50.0,0.486,0.001,0.0
50.0,0.486,0.005,0.0
50.0,0.486,0.01,0.0
50.0,0.486,0.0125,0.0
50.0,0.486,0.015,0.0
50.0,0.486,0.02,0.0
50.0,0.486,0.03,0.0
50.0,0.486,0.04,0.0
50.0,0.486,0.05,0.27083333333333337
50.0,0.486,0.1,12.463887195336582
50.0,0.486,0.15,15.209282347053243
50.0,0.486,0.2,26.14360560427704
50.0,0.486,0.25,34.32500699872024
50.0,0.486,0.3,37.46857465051998
50.0,0.486,0.4,39.36363818034677
50.0,0.486,0.5,43.55325964705803
50.0,0.486,0.6,52.71260933625484
50.0,0.486,0.8,51.5737244083316
50.0,0.486,1.0,58.600852850852846
50.0,0.561,0.001,0.0
50.0,0.561,0.005,0.0
50.0,0.561,0.01,0.0
50.0,0.561,0.0125,0.0
50.0,0.561,0.015,0.0
50.0,0.561,0.02,0.0
50.0,0.561,0.03,0.0
50.0,0.561,0.04,0.052083333333333336
50.0,0.561,0.05,0.45732950624254987
50.0,0.561,0.1,8.748694821546989
50.0,0.561,0.15,22.439952385434196
50.0,0.561,0.2,28.33071101119669
50.0,0.561,0.25,28.536801535882415
50.0,0.561,0.3,29.343171462753503
50.0,0.561,0.4,37.31695140228422
50.0,0.561,0.5,44.474717242180475
50.0,0.561,0.6,43.97974380424071
50.0,0.561,0.8,49.75661270238476
50.0,0.561,1.0,54.706968514872926
50.0,0.603,0.001,0.0
50.0,0.603,0.005,0.0
50.0,0.603,0.01,0.0
50.0,0.603,0.0125,0.0
50.0,0.603,0.015,0.0
50.0,0.603,0.02,0.0
50.0,0.603,0.03,0.0
50.0,0.603,0.04,0.7929942810457518
50.0,0.603,0.05,0.7337622549019607
50.0,0.603,0.1,10.967320658787376
50.0,0.603,0.15,17.815837629295867
50.0,0.603,0.2,24.74481019734629
50.0,0.603,0.25,27.500022242620922
50.0,0.603,0.3,34.03642615565275
50.0,0.603,0.4,36.82000662413781
50.0,0.603,0.5,41.795834291625695
50.0,0.603,0.6,46.337209753037925
50.0,0.603,0.8,58.3136509925403
50.0,0.603,1.0,60.3822108583138
50.0,0.661,0.001,0.0
50.0,0.661,0.005,0.0
50.0,0.661,0.01,0.0
50.0,0.661,0.0125,0.0
50.0,0.661,0.015,0.0
50.0,0.661,0.02,0.0
50.0,0.661,0.03,0.0
50.0,0.661,0.04,0.0
50.0,0.661,0.05,0.0
50.0,0.661,0.1,8.098999471532366
50.0,0.661,0.15,19.234440007804942
50.0,0.661,0.2,22.581098450196745
50.0,0.661,0.25,31.745859417855144
50.0,0.661,0.3,38.51141094266221
50.0,0.661,0.4,37.88138186654558
50.0,0.661,0.5,41.778576373245485
50.0,0.661,0.6,43.462623848101785
50.0,0.661,0.8,55.552128625803164
50.0,0.661,1.0,57.768710121506174
50.0,0.676,0.001,0.0
50.0,0.676,0.005,0.0
50.0,0.676,0.01,0.0
50.0,0.676,0.0125,0.0
50.0,0.676,0.015,0.0
50.0,0.676,0.02,0.0
50.0,0.676,0.03,0.0
50.0,0.676,0.04,0.0
50.0,0.676,0.05,0.05952380952380952
50.0,0.676,0.1,10.186131707416536
50.0,0.676,0.15,19.170381050899962
50.0,0.676,0.2,27.616539404223225
50.0,0.676,0.25,30.560359961442295
50.0,0.676,0.3,33.200898998160994
50.0,0.676,0.4,39.78958796513943
50.0,0.676,0.5,43.30510767647958
50.0,0.676,0.6,45.83659583200024
50.0,0.676,0.8,54.773867744455984
50.0,0.676,1.0,61.12400735838236
50.0,0.755,0.001,0.0
50.0,0.755,0.005,0.0
50.0,0.755,0.01,0.0
50.0,0.755,0.0125,0.0
50.0,0.755,0.015,0.0
50.0,0.755,0.02,0.0
50.0,0.755,0.03,0.0
50.0,0.755,0.04,0.0
50.0,0.755,0.05,0.0
50.0,0.755,0.1,10.626281946038137
50.0,0.755,0.15,13.389629191519026
50.0,0.755,0.2,25.766990789997756
50.0,0.755,0.25,33.02075716215616
50.0,0.755,0.3,38.017374978965535
50.0,0.755,0.4,36.28910521059321
50.0,0.755,0.5,43.49577173092072
50.0,0.755,0.6,47.340164390348214
50.0,0.755,0.8,53.51002271256722
50.0,0.755,1.0,58.223405747302806
50.0,0.783,0.001,0.0
50.0,0.783,0.005,0.0
50.0,0.783,0.01,0.0
50.0,0.783,0.0125,0.0
50.0,0.783,0.015,0.0
50.0,0.783,0.02,0.0
50.0,0.783,0.03,0.0
50.0,0.783,0.04,0.0462962962962963
50.0,0.783,0.05,0.0
50.0,0.783,0.1,10.690448739978034
50.0,0.783,0.15,18.65167674029903
50.0,0.783,0.2,24.05180970452836
50.0,0.783,0.25,28.242816263550043
50.0,0.783,0.3,36.65816597618068
50.0,0.783,0.4,36.97282584135626
50.0,0.783,0.5,42.92095160816136
50.0,0.783,0.6,45.96323915664086
50.0,0.783,0.8,53.344168650621825
50.0,0.783,1.0,56.873048246258385
50.0,0.787,0.001,0.0
50.0,0.787,0.005,0.0
50.0,0.787,0.01,0.0
50.0,0.787,0.0125,0.0
50.0,0.787,0.015,0.0
50.0,0.787,0.02,0.0
50.0,0.787,0.03,0.0
50.0,0.787,0.04,0.0
50.0,0.787,0.05,0.0462962962962963
50.0,0.787,0.1,4.724581552706552
50.0,0.787,0.15,21.4059464500641
50.0,0.787,0.2,25.141555964746754
50.0,0.787,0.25,26.449621004139193
50.0,0.787,0.3,28.823116152333153
50.0,0.787,0.4,38.35316453524489
50.0,0.787,0.5,42.59653431184971
50.0,0.787,0.6,46.64514648971886
50.0,0.787,0.8,52.159398233846765
50.0,0.787,1.0,53.113876446838916
50.0,0.847,0.001,0.0
50.0,0.847,0.005,0.0
50.0,0.847,0.01,0.0
50.0,0.847,0.0125,0.0
50.0,0.847,0.015,0.0
50.0,0.847,0.02,0.0
50.0,0.847,0.03,0.0
50.0,0.847,0.04,0.0
50.0,0.847,0.05,0.0
50.0,0.847,0.1,6.599084371868814
50.0,0.847,0.15,16.251072535708758
50.0,0.847,0.2,22.75772478761062
50.0,0.847,0.25,27.3249379941057
50.0,0.847,0.3,33.19021256153427
50.0,0.847,0.4,40.84424198486698
50.0,0.847,0.5,41.79796556320356
50.0,0.847,0.6,45.501629361923484
50.0,0.847,0.8,54.910812302162924
50.0,0.847,1.0,58.684603739879094
75.0,0.451,0.001,0.0
75.0,0.451,0.005,0.0
75.0,0.451,0.01,0.0
75.0,0.451,0.0125,0.0
75.0,0.451,0.015,0.0
75.0,0.451,0.02,0.0
75.0,0.451,0.03,0.0
75.0,0.451,0.04,0.21875
75.0,0.451,0.05,2.004080941131166
75.0,0.451,0.1,16.704187257075116
75.0,0.451,0.15,20.46644125699012
75.0,0.451,0.2,25.89604061372637
75.0,0.451,0.25,28.820409771079863
75.0,0.451,0.3,34.89231735815647
75.0,0.451,0.4,41.32319914613923
75.0,0.451,0.5,43.980066999956115
75.0,0.451,0.6,49.060804199953566
75.0,0.451,0.8,56.87977220523366
75.0,0.451,1.0,58.41178067643608
75.0,0.486,0.001,0.0
75.0,0.486,0.005,0.0
75.0,0.486,0.01,0.0
75.0,0.486,0.0125,0.0
75.0,0.486,0.015,0.0
75.0,0.486,0.02,0.0
75.0,0.486,0.03,0.0
75.0,0.486,0.04,0.0
75.0,0.486,0.05,1.8660803716581746
75.0,0.486,0.1,12.647300877408103
75.0,0.486,0.15,23.74984164572303
75.0,0.486,0.2,31.003249173842516
75.0,0.486,0.25,31.479782499754766
75.0,0.486,0.3,37.744435685547515
75.0,0.486,0.4,39.95403328163307
75.0,0.486,0.5,43.33236728424716
75.0,0.486,0.6,48.5116740024538
75.0,0.486,0.8,52.71534989180365
75.0,0.486,1.0,59.99667626821292
75.0,0.561,0.001,0.0
75.0,0.561,0.005,0.0
75.0,0.561,0.01,0.0
75.0,0.561,0.0125,0.0
75.0,0.561,0.015,0.0
75.0,0.561,0.02,0.0
75.0,0.561,0.03,0.0
75.0,0.561,0.04,0.9790168768429638
75.0,0.561,0.05,1.5488729802216765
75.0,0.561,0.1,15.261104762023473
75.0,0.561,0.15,21.96816166554901
75.0,0.561,0.2,28.628177836584502
75.0,0.561,0.25,32.17235614429256
75.0,0.561,0.3,35.34616415952742
75.0,0.561,0.4,40.52095827412281
75.0,0.561,0.5,47.04101235925001
75.0,0.561,0.6,49.44683114371582
75.0,0.561,0.8,54.58856266883508
75.0,0.561,1.0,57.481269008082904
75.0,0.603,0.001,0.0
75.0,0.603,0.005,0.0
75.0,0.603,0.01,0.0
75.0,0.603,0.0125,0.0
75.0,0.603,0.015,0.0
75.0,0.603,0.02,0.0
75.0,0.603,0.03,0.0
75.0,0.603,0.04,0.6150793650793651
75.0,0.603,0.05,0.25379644086737907
75.0,0.603,0.1,14.644693998992457
75.0,0.603,0.15,23.81828824111209
75.0,0.603,0.2,25.263201425810795
75.0,0.603,0.25,31.762431263475737
75.0,0.603,0.3,35.87274510588067
75.0,0.603,0.4,37.14274813036507
75.0,0.603,0.5,44.593452173888636
75.0,0.603,0.6,49.60832342209701
75.0,0.603,0.8,52.7703798884232
75.0,0.603,1.0,58.01075814028643
75.0,0.661,0.001,0.0
75.0,0.661,0.005,0.0
75.0,0.661,0.01,0.0
75.0,0.661,0.0125,0.0
75.0,0.661,0.015,0.0
75.0,0.661,0.02,0.0
75.0,0.661,0.03,0.0
75.0,0.661,0.04,0.23700775874688915
75.0,0.661,0.05,0.9066720191040843
75.0,0.661,0.1,12.518532976046448
75.0,0.661,0.15,24.03494321665046
75.0,0.661,0.2,27.883287898032478
75.0,0.661,0.25,31.887244649707622
75.0,0.661,0.3,34.573391976422606
75.0,0.661,0.4,40.03072644741779
75.0,0.661,0.5,44.46171183502587
75.0,0.661,0.6,44.52249904160491
75.0,0.661,0.8,54.340917339903186
75.0,0.661,1.0,57.610155549529544
75.0,0.676,0.001,0.0
75.0,0.676,0.005,0.0
75.0,0.676,0.01,0.0
75.0,0.676,0.0125,0.0
75.0,0.676,0.015,0.0
75.0,0.676,0.02,0.0
75.0,0.676,0.03,0.0
75.0,0.676,0.04,0.6119522084195997
75.0,0.676,0.05,0.5176096621530059
75.0,0.676,0.1,13.393277872422066
75.0,0.676,0.15,17.844991893725524
75.0,0.676,0.2,27.174547307957898
75.0,0.676,0.25,28.724005846314054
75.0,0.676,0.3,36.703482636251756
75.0,0.676,0.4,41.33710722623569
75.0,0.676,0.5,42.82104919642301
75.0,0.676,0.6,49.17587263766315
75.0,0.676,0.8,54.328102299744955
75.0,0.676,1.0,60.2484044758711
75.0,0.755,0.001,0.0
75.0,0.755,0.005,0.0
75.0,0.755,0.01,0.0
75.0,0.755,0.0125,0.0
75.0,0.755,0.015,0.0
75.0,0.755,0.02,0.0
75.0,0.755,0.03,0.0
75.0,0.755,0.04,1.1506181619378215
75.0,0.755,0.05,0.8234831525325523
75.0,0.755,0.1,13.550683919901084
75.0,0.755,0.15,17.590141097695387
75.0,0.755,0.2,30.062876104699267
75.0,0.755,0.25,30.533549066206895
75.0,0.755,0.3,35.72081373992371
75.0,0.755,0.4,37.54959843767767
75.0,0.755,0.5,44.87184229077992
75.0,0.755,0.6,45.44569757012055
75.0,0.755,0.8,52.38333431378887
75.0,0.755,1.0,57.589389406248166
75.0,0.783,0.001,0.0
75.0,0.783,0.005,0.0
75.0,0.783,0.01,0.0
75.0,0.783,0.0125,0.0
75.0,0.783,0.015,0.0
75.0,0.783,0.02,0.0
75.0,0.783,0.03,0.0
75.0,0.783,0.04,0.46211165377832053
75.0,0.783,0.05,1.4407812851010606
75.0,0.783,0.1,11.514486090673149
75.0,0.783,0.15,19.77652766111674
75.0,0.783,0.2,24.848818887928992
75.0,0.783,0.25,29.3566055733035
75.0,0.783,0.3,34.19431060647129
75.0,0.783,0.4,42.520039019074645
75.0,0.783,0.5,44.19392341285534
75.0,0.783,0.6,48.3121007566412
75.0,0.783,0.8,51.14055732026832
75.0,0.783,1.0,56.47880212841219
75.0,0.787,0.001,0.0
75.0,0.787,0.005,0.0
75.0,0.787,0.01,0.0
75.0,0.787,0.0125,0.0
75.0,0.787,0.015,0.0
75.0,0.787,0.02,0.0
75.0,0.787,0.03,0.0
75.0,0.787,0.04,0.5169420498084291
75.0,0.787,0.05,1.69456525145075
75.0,0.787,0.1,14.03844303017119
75.0,0.787,0.15,20.630269487828965
75.0,0.787,0.2,27.255619414324702
75.0,0.787,0.25,28.929060940683748
75.0,0.787,0.3,36.279951158998685
75.0,0.787,0.4,41.14217934676829
75.0,0.787,0.5,43.17286721040605
75.0,0.787,0.6,48.500085985169676
75.0,0.787,0.8,56.0652514539302
75.0,0.787,1.0,55.764504184440874
75.0,0.847,0.001,0.0
75.0,0.847,0.005,0.0
75.0,0.847,0.01,0.0
75.0,0.847,0.0125,0.0
75.0,0.847,0.015,0.0
75.0,0.847,0.02,0.0
75.0,0.847,0.03,0.0
75.0,0.847,0.04,1.237681673165544
75.0,0.847,0.05,0.7202969702063905
75.0,0.847,0.1,10.920321591010532
75.0,0.847,0.15,21.56003387051752
75.0,0.847,0.2,24.890343320603822
75.0,0.847,0.25,29.07922978181229
75.0,0.847,0.3,34.77242825576427
75.0,0.847,0.4,38.47150755442262
75.0,0.847,0.5,41.00244670182805
75.0,0.847,0.6,44.187975792782936
75.0,0.847,0.8,54.64090558515771
75.0,0.847,1.0,60.18263505039653
100.0,0.451,0.001,0.0
100.0,0.451,0.005,0.0
100.0,0.451,0.01,0.0
100.0,0.451,0.0125,0.0
100.0,0.451,0.015,0.0
100.0,0.451,0.02,0.0
100.0,0.451,0.03,0.49212336179359345
100.0,0.451,0.04,2.4086864835706647
100.0,0.451,0.05,5.478497468488754
100.0,0.451,0.1,17.33197372490069
100.0,0.451,0.15,24.765315852693107
100.0,0.451,0.2,30.193991296875332
100.0,0.451,0.25,34.33252987788687
100.0,0.451,0.3,33.23517072161829
100.0,0.451,0.4,40.3555562704105
100.0,0.451,0.5,43.011150777561284
100.0,0.451,0.6,46.91022281604991
100.0,0.451,0.8,54.42356084437165
100.0,0.451,1.0,57.75348260809376
100.0,0.486,0.001,0.0
100.0,0.486,0.005,0.0
100.0,0.486,0.01,0.0
100.0,0.486,0.0125,0.0
100.0,0.486,0.015,0.0
100.0,0.486,0.02,0.0
100.0,0.486,0.03,0.34346148132912846
100.0,0.486,0.04,2.343797133540946
100.0,0.486,0.05,3.043085302102164
100.0,0.486,0.1,16.073571950455168
100.0,0.486,0.15,22.885751973374642
100.0,0.486,0.2,29.066756509435017
100.0,0.486,0.25,31.712047549235745
100.0,0.486,0.3,36.14493663964933
100.0,0.486,0.4,40.540122341202135
100.0,0.486,0.5,43.61624264061126
100.0,0.486,0.6,48.8733553289918
100.0,0.486,0.8,52.95816326584463
100.0,0.486,1.0,62.4790642560028
100.0,0.561,0.001,0.0
100.0,0.561,0.005,0.0
100.0,0.561,0.01,0.0
100.0,0.561,0.0125,0.0
100.0,0.561,0.015,0.0
100.0,0.561,0.02,0.0
100.0,0.561,0.03,0.24338978015448606
100.0,0.561,0.04,4.396415906567787
100.0,0.561,0.05,3.8502126316790717
100.0,0.561,0.1,17.21713175475707
100.0,0.561,0.15,24.85136615199807
100.0,0.561,0.2,28.40958659624257
100.0,0.561,0.25,36.49417438759185
100.0,0.561,0.3,35.48771690570687
100.0,0.561,0.4,42.84568159240041
100.0,0.561,0.5,45.15600874287805
100.0,0.561,0.6,46.04159358015678
100.0,0.561,0.8,52.67843336988873
100.0,0.561,1.0,57.33418787706053
100.0,0.603,0.001,0.0
100.0,0.603,0.005,0.0
100.0,0.603,0.01,0.0
100.0,0.603,0.0125,0.0
100.0,0.603,0.015,0.0
100.0,0.603,0.02,0.0
100.0,0.603,0.03,0.0
100.0,0.603,0.04,0.6087991333777818
100.0,0.603,0.05,2.7802613314151436
100.0,0.603,0.1,12.901369225111178
100.0,0.603,0.15,25.215882502670098
100.0,0.603,0.2,27.35024784858291
100.0,0.603,0.25,31.485002293721823
100.0,0.603,0.3,36.05524651673173
100.0,0.603,0.4,42.60230157730221
100.0,0.603,0.5,43.40550490046174
100.0,0.603,0.6,47.030328531903464
100.0,0.603,0.8,56.44479092671158
100.0,0.603,1.0,55.468988787657324
100.0,0.661,0.001,0.0
100.0,0.661,0.005,0.0
100.0,0.661,0.01,0.0
100.0,0.661,0.0125,0.0
100.0,0.661,0.015,0.0
100.0,0.661,0.02,0.0
100.0,0.661,0.03,0.30947629960787854
100.0,0.661,0.04,0.8939823077058895
100.0,0.661,0.05,5.821461445003779
100.0,0.661,0.1,13.140971512989855
100.0,0.661,0.15,22.971680401126342
100.0,0.661,0.2,30.259388939305428
100.0,0.661,0.25,32.32628665304891
100.0,0.661,0.3,34.67533842985498
100.0,0.661,0.4,42.46348439991702
100.0,0.661,0.5,47.81678393358813
100.0,0.661,0.6,48.59185020212035
100.0,0.661,0.8,56.39456591533142
100.0,0.661,1.0,57.249552148487375
100.0,0.676,0.001,0.0
100.0,0.676,0.005,0.0
100.0,0.676,0.01,0.0
100.0,0.676,0.0125,0.0
100.0,0.676,0.015,0.0
100.0,0.676,0.02,0.13092885375494073
100.0,0.676,0.03,0.0
100.0,0.676,0.04,2.048612398967625
100.0,0.676,0.05,4.662333201890071
100.0,0.676,0.1,15.5755864529961
100.0,0.676,0.15,23.396881464773873
100.0,0.676,0.2,24.72972930411303
100.0,0.676,0.25,32.39971123571995
100.0,0.676,0.3,33.056508430015676
100.0,0.676,0.4,39.943528364837135
100.0,0.676,0.5,43.92919571588872
100.0,0.676,0.6,49.222673129787005
100.0,0.676,0.8,51.095701099507075
100.0,0.676,1.0,54.94586444621808
100.0,0.755,0.001,0.0
100.0,0.755,0.005,0.0
100.0,0.755,0.01,0.0
100.0,0.755,0.0125,0.0
100.0,0.755,0.015,0.0
100.0,0.755,0.02,0.0
100.0,0.755,0.03,0.0
100.0,0.755,0.04,0.36816226561893045
100.0,0.755,0.05,4.5006572043571555
100.0,0.755,0.1,13.227669970999225
100.0,0.755,0.15,22.837688022517323
100.0,0.755,0.2,27.206850165093197
100.0,0.755,0.25,31.532823697480666
100.0,0.755,0.3,34.87935403054354
100.0,0.755,0.4,42.278196216572965
100.0,0.755,0.5,43.34257814737751
100.0,0.755,0.6,47.41610614879815
100.0,0.755,0.8,53.13056794640943
100.0,0.755,1.0,56.350953109549415
100.0,0.783,0.001,0.0
100.0,0.783,0.005,0.0
100.0,0.783,0.01,0.0
100.0,0.783,0.0125,0.0
100.0,0.783,0.015,0.0
100.0,0.783,0.02,0.0
100.0,0.783,0.03,0.0
100.0,0.783,0.04,0.9371532876996053
100.0,0.783,0.05,1.7203581960202663
100.0,0.783,0.1,13.777196803888325
100.0,0.783,0.15,24.007495364326065
100.0,0.783,0.2,27.080769612575182
100.0,0.783,0.25,30.27942810591034
100.0,0.783,0.3,33.43516166974727
100.0,0.783,0.4,38.75228412951603
100.0,0.783,0.5,41.0487202647711
100.0,0.783,0.6,46.66147911666527
100.0,0.783,0.8,53.92252560920451
100.0,0.783,1.0,59.31303720790716
100.0,0.787,0.001,0.0
100.0,0.787,0.005,0.0
100.0,0.787,0.01,0.0
100.0,0.787,0.0125,0.0
100.0,0.787,0.015,0.0
100.0,0.787,0.02,0.0
100.0,0.787,0.03,0.0
100.0,0.787,0.04,0.981952286843591
100.0,0.787,0.05,2.149881617708989
100.0,0.787,0.1,15.642032063999935
100.0,0.787,0.15,20.271755118927096
100.0,0.787,0.2,26.864483044098154
100.0,0.787,0.25,28.38794756196475
100.0,0.787,0.3,33.374820071098526
100.0,0.787,0.4,37.15467625155634
100.0,0.787,0.5,40.00884644611354
100.0,0.787,0.6,49.33247111048415
100.0,0.787,0.8,54.21255668415539
100.0,0.787,1.0,55.83797572495854
100.0,0.847,0.001,0.0
100.0,0.847,0.005,0.0
100.0,0.847,0.01,0.0
100.0,0.847,0.0125,0.0
100.0,0.847,0.015,0.0
100.0,0.847,0.02,0.0
100.0,0.847,0.03,0.5118887241209762
100.0,0.847,0.04,1.4986826365318957
100.0,0.847,0.05,3.9335543358029965
100.0,0.847,0.1,16.278755514100474
100.0,0.847,0.15,23.506903410066442
100.0,0.847,0.2,24.916796987615363
100.0,0.847,0.25,29.690504353362904
100.0,0.847,0.3,32.8602474442989
100.0,0.847,0.4,38.381390627944484
100.0,0.847,0.5,42.871695097721485
100.0,0.847,0.6,46.03974976929555
100.0,0.847,0.8,53.205069557999515
100.0,0.847,1.0,58.09120051501198
250.0,0.451,0.001,0.0
250.0,0.451,0.005,0.0
250.0,0.451,0.01,0.0
250.0,0.451,0.0125,0.0
250.0,0.451,0.015,0.0
250.0,0.451,0.02,0.074263819050913
250.0,0.451,0.03,4.834804915428055
250.0,0.451,0.04,6.761489884784835
250.0,0.451,0.05,9.989610440915927
250.0,0.451,0.1,19.045259144487257
250.0,0.451,0.15,25.982756435934892
250.0,0.451,0.2,29.30481047153129
250.0,0.451,0.25,33.4830307466119
250.0,0.451,0.3,33.711762437408176
250.0,0.451,0.4,39.893798365916616
250.0,0.451,0.5,44.472064794190686
250.0,0.451,0.6,47.53760321288725
250.0,0.451,0.8,54.54340498547897
250.0,0.451,1.0,60.09123921767256
250.0,0.486,0.001,0.0
250.0,0.486,0.005,0.0
250.0,0.486,0.01,0.0
250.0,0.486,0.0125,0.0
250.0,0.486,0.015,0.0
250.0,0.486,0.02,0.1986405314036639
250.0,0.486,0.03,2.7838081686518428
250.0,0.486,0.04,6.087743652311673
250.0,0.486,0.05,11.661220488977772
250.0,0.486,0.1,18.821323190353517
250.0,0.486,0.15,25.005681469885538
250.0,0.486,0.2,28.83947700589628
250.0,0.486,0.25,32.31950150698916
250.0,0.486,0.3,34.92209023669906
250.0,0.486,0.4,40.88889295216832
250.0,0.486,0.5,44.61902428148378
250.0,0.486,0.6,49.8444562012541
250.0,0.486,0.8,55.80629464894829
250.0,0.486,1.0,58.59948238743834
250.0,0.561,0.001,0.0
250.0,0.561,0.005,0.0
250.0,0.561,0.01,0.0
250.0,0.561,0.0125,0.0
250.0,0.561,0.015,0.0
250.0,0.561,0.02,0.0
250.0,0.561,0.03,2.885370973844156
250.0,0.561,0.04,7.170802188180696
250.0,0.561,0.05,10.624385219015014
250.0,0.561,0.1,19.63925454556648
250.0,0.561,0.15,24.832945277684498
250.0,0.561,0.2,27.929069610169808
250.0,0.561,0.25,31.829785662938548
250.0,0.561,0.3,33.74652946605648
250.0,0.561,0.4,41.33239912150637
250.0,0.561,0.5,46.99191986555524
250.0,0.561,0.6,50.014930670851896
250.0,0.561,0.8,55.22760399633305
250.0,0.561,1.0,59.22736135190049
250.0,0.603,0.001,0.0
250.0,0.603,0.005,0.0
250.0,0.603,0.01,0.0
250.0,0.603,0.0125,0.0
250.0,0.603,0.015,0.0
250.0,0.603,0.02,0.15930649626258006
250.0,0.603,0.03,2.6597110143744436
250.0,0.603,0.04,5.861665100272587
250.0,0.603,0.05,10.209240349932411
250.0,0.603,0.1,17.19838149617213
250.0,0.603,0.15,24.388351374061212
250.0,0.603,0.2,29.48829924008613
250.0,0.603,0.25,32.63249025984605
250.0,0.603,0.3,35.508244088641746
250.0,0.603,0.4,40.74116784469377
250.0,0.603,0.5,45.50699585897717
250.0,0.603,0.6,49.08769630665742
250.0,0.603,0.8,54.4003740739764
250.0,0.603,1.0,60.373622357184345
250.0,0.661,0.001,0.0
250.0,0.661,0.005,0.0
250.0,0.661,0.01,0.0
250.0,0.661,0.0125,0.0
250.0,0.661,0.015,0.0
250.0,0.661,0.02,0.2403957028338904
250.0,0.661,0.03,2.7310952674452227
250.0,0.661,0.04,5.724139182087297
250.0,0.661,0.05,8.120756884415176
250.0,0.661,0.1,17.01960882769571
250.0,0.661,0.15,23.31648782343764
250.0,0.661,0.2,27.442675601226462
250.0,0.661,0.25,32.89578703324867
250.0,0.661,0.3,35.004898520466405
250.0,0.661,0.4,41.876187386390626
250.0,0.661,0.5,44.47326416718773
250.0,0.661,0.6,48.86160770442281
250.0,0.661,0.8,55.15653933776171
250.0,0.661,1.0,60.3367033749812
250.0,0.676,0.001,0.0
250.0,0.676,0.005,0.0
250.0,0.676,0.01,0.0
250.0,0.676,0.0125,0.0
250.0,0.676,0.015,0.0
250.0,0.676,0.02,0.19293241065473946
250.0,0.676,0.03,2.366017581744904
250.0,0.676,0.04,5.781652537055382
250.0,0.676,0.05,9.093848756119794
250.0,0.676,0.1,17.31303549807092
250.0,0.676,0.15,23.326316637761558
250.0,0.676,0.2,28.516780442464587
250.0,0.676,0.25,31.340412024459937
250.0,0.676,0.3,34.96734305584622
250.0,0.676,0.4,39.38307993710011
250.0,0.676,0.5,42.74791611677135
250.0,0.676,0.6,47.67538787822607
250.0,0.676,0.8,53.75368543664408
250.0,0.676,1.0,59.341125232598664
250.0,0.755,0.001,0.0
250.0,0.755,0.005,0.0
250.0,0.755,0.01,0.0
250.0,0.755,0.0125,0.0
250.0,0.755,0.015,0.0
250.0,0.755,0.02,0.03371635046615674
250.0,0.755,0.03,2.3934170248860482
250.0,0.755,0.04,6.359169657016937
250.0,0.755,0.05,8.06392776115617
250.0,0.755,0.1,15.884654130419937
250.0,0.755,0.15,24.94569949390536
250.0,0.755,0.2,28.619231708661847
250.0,0.755,0.25,32.217568425468755
250.0,0.755,0.3,33.31883333124142
250.0,0.755,0.4,39.77778957972279
250.0,0.755,0.5,46.59890291477366
250.0,0.755,0.6,48.827635368615006
250.0,0.755,0.8,56.439404476566935
250.0,0.755,1.0,58.99494159408594
250.0,0.783,0.001,0.0
250.0,0.783,0.005,0.0
250.0,0.783,0.01,0.0
250.0,0.783,0.0125,0.0
250.0,0.783,0.015,0.0
250.0,0.783,0.02,0.15920285144591467
250.0,0.783,0.03,3.083804225127116
250.0,0.783,0.04,6.658726803301031
250.0,0.783,0.05,8.151293849837725
250.0,0.783,0.1,17.07189262906974
250.0,0.783,0.15,22.854985314236878
250.0,0.783,0.2,26.83820997719373
250.0,0.783,0.25,29.782654109341376
250.0,0.783,0.3,34.85383668843207
250.0,0.783,0.4,38.88600919781572
250.0,0.783,0.5,45.01392525609134
250.0,0.783,0.6,45.17559131293724
250.0,0.783,0.8,54.62604488437213
250.0,0.783,1.0,59.42194281471077
250.0,0.787,0.001,0.0
250.0,0.787,0.005,0.0
250.0,0.787,0.01,0.0
250.0,0.787,0.0125,0.0
250.0,0.787,0.015,0.0
250.0,0.787,0.02,0.5485903272933947
250.0,0.787,0.03,1.6298040488216448
250.0,0.787,0.04,6.051291756498893
250.0,0.787,0.05,7.444367795935571
250.0,0.787,0.1,16.952564633559547
250.0,0.787,0.15,23.627813762647683
250.0,0.787,0.2,27.92877369574474
250.0,0.787,0.25,29.215261894356313
250.0,0.787,0.3,34.67903743151199
250.0,0.787,0.4,39.4637544997284
250.0,0.787,0.5,44.42484872253893
250.0,0.787,0.6,47.889854816553495
250.0,0.787,0.8,54.84451398038186
250.0,0.787,1.0,58.671032375730306
250.0,0.847,0.001,0.0
250.0,0.847,0.005,0.0
250.0,0.847,0.01,0.0
250.0,0.847,0.0125,0.0
250.0,0.847,0.015,0.0
250.0,0.847,0.02,0.0
250.0,0.847,0.03,1.1808615881590139
250.0,0.847,0.04,5.534863912591776
250.0,0.847,0.05,7.7873480400105874
250.0,0.847,0.1,16.94818856773125
250.0,0.847,0.15,21.581637536742303
250.0,0.847,0.2,25.78908155637877
250.0,0.847,0.25,31.59283862144202
250.0,0.847,0.3,35.578107719923985
250.0,0.847,0.4,38.74520098632426
250.0,0.847,0.5,44.07441550975986
250.0,0.847,0.6,48.35860121538769
250.0,0.847,0.8,55.593459629272886
250.0,0.847,1.0,59.29276567676029
500.0,0.451,0.001,0.0
500.0,0.451,0.005,0.0
500.0,0.451,0.01,0.0
500.0,0.451,0.0125,0.05185060417761237
500.0,0.451,0.015,0.34831298626990514
500.0,0.451,0.02,1.5744991802772454
500.0,0.451,0.03,5.754922354169232
500.0,0.451,0.04,8.314380611939317
500.0,0.451,0.05,10.718292641398826
500.0,0.451,0.1,17.407160400124784
500.0,0.451,0.15,23.95440804444454
500.0,0.451,0.2,29.53839746281195
500.0,0.451,0.25,31.407704550998478
500.0,0.451,0.3,34.721352273325536
500.0,0.451,0.4,40.75610583561495
500.0,0.451,0.5,44.468476941388715
500.0,0.451,0.6,48.873539344654
500.0,0.451,0.8,57.36902759786665
500.0,0.451,1.0,59.08924040865359
500.0,0.486,0.001,0.0
500.0,0.486,0.005,0.0
500.0,0.486,0.01,0.0
500.0,0.486,0.0125,0.0701393448072765
500.0,0.486,0.015,0.42494842339817607
500.0,0.486,0.02,2.0236921357355273
500.0,0.486,0.03,4.486744545639398
500.0,0.486,0.04,8.435630091166043
500.0,0.486,0.05,9.755310136281079
500.0,0.486,0.1,18.09587622203819
500.0,0.486,0.15,24.394698111633563
500.0,0.486,0.2,27.756230437568405
500.0,0.486,0.25,32.816070169325435
500.0,0.486,0.3,34.37829324329436
500.0,0.486,0.4,41.365864034212464
500.0,0.486,0.5,45.40671946075172
500.0,0.486,0.6,51.13545162411917
500.0,0.486,0.8,55.186038439835635
500.0,0.486,1.0,60.13938499063211
500.0,0.561,0.001,0.0
500.0,0.561,0.005,0.0
500.0,0.561,0.01,0.0
500.0,0.561,0.0125,0.0
500.0,0.561,0.015,0.3954773314796199
500.0,0.561,0.02,1.144513641531522
500.0,0.561,0.03,4.020008629511105
500.0,0.561,0.04,8.116371982836153
500.0,0.561,0.05,10.280828344338442
500.0,0.561,0.1,17.837359840526307
500.0,0.561,0.15,24.542122774908854
500.0,0.561,0.2,28.469345505169912
500.0,0.561,0.25,31.12904707914286
500.0,0.561,0.3,34.620986432211524
500.0,0.561,0.4,40.499544652430835
500.0,0.561,0.5,45.43392768410952
500.0,0.561,0.6,47.93729741529488
500.0,0.561,0.8,54.673653482480475
500.0,0.561,1.0,59.53261156575674
500.0,0.603,0.001,0.0
500.0,0.603,0.005,0.0
500.0,0.603,0.01,0.0
500.0,0.603,0.0125,0.0
500.0,0.603,0.015,0.2510950127820231
500.0,0.603,0.02,1.4445736595931753
500.0,0.603,0.03,4.409119323601649
500.0,0.603,0.04,8.299934472877421
500.0,0.603,0.05,9.786875007791116
500.0,0.603,0.1,16.918298031756052
500.0,0.603,0.15,24.599799182048677
500.0,0.603,0.2,29.226130961641246
500.0,0.603,0.25,32.2335473464313
500.0,0.603,0.3,35.22596209015852
500.0,0.603,0.4,40.28286399099029
500.0,0.603,0.5,44.070108639453416
500.0,0.603,0.6,49.792292191523345
500.0,0.603,0.8,55.226170114014906
500.0,0.603,1.0,59.76651498095629
500.0,0.661,0.001,0.0
500.0,0.661,0.005,0.0
500.0,0.661,0.01,0.0
500.0,0.661,0.0125,0.0
500.0,0.661,0.015,0.0
500.0,0.661,0.02,1.9960733342546226
500.0,0.661,0.03,4.522670511522419
500.0,0.661,0.04,7.744456940997438
500.0,0.661,0.05,8.59550534884529
500.0,0.661,0.1,17.724995501557437
500.0,0.661,0.15,23.28998091804379
500.0,0.661,0.2,28.321002129703253
500.0,0.661,0.25,32.96959465302255
500.0,0.661,0.3,35.68858798695299
500.0,0.661,0.4,40.28510932600055
500.0,0.661,0.5,45.75285156001443
500.0,0.661,0.6,49.70429409168112
500.0,0.661,0.8,55.10273696104169
500.0,0.661,1.0,59.56666020782512
500.0,0.676,0.001,0.0
500.0,0.676,0.005,0.0
500.0,0.676,0.01,0.0
500.0,0.676,0.0125,0.0
500.0,0.676,0.015,0.025691339939790607
500.0,0.676,0.02,0.858315780014191
500.0,0.676,0.03,4.912284252377128
500.0,0.676,0.04,7.5508014419188445
500.0,0.676,0.05,9.075862993665305
500.0,0.676,0.1,16.81925125902391
500.0,0.676,0.15,23.577918202285083
500.0,0.676,0.2,28.765240641254586
500.0,0.676,0.25,31.40381933506786
500.0,0.676,0.3,34.039722037100596
500.0,0.676,0.4,40.57558659832096
500.0,0.676,0.5,44.95143500689544
500.0,0.676,0.6,49.45481987058869
500.0,0.676,0.8,55.679600428188834
500.0,0.676,1.0,58.26878697352581
500.0,0.755,0.001,0.0
500.0,0.755,0.005,0.0
500.0,0.755,0.01,0.0
500.0,0.755,0.0125,0.0
500.0,0.755,0.015,0.0
500.0,0.755,0.02,0.4535765603179768
500.0,0.755,0.03,4.853297359303358
500.0,0.755,0.04,7.1144374200264
500.0,0.755,0.05,9.336649781254724
500.0,0.755,0.1,17.14947286813562
500.0,0.755,0.15,22.552475283476987
500.0,0.755,0.2,27.409137848907466
500.0,0.755,0.25,30.592115095462418
500.0,0.755,0.3,34.44707479733611
500.0,0.755,0.4,41.114463533535464
500.0,0.755,0.5,45.294600709128865
500.0,0.755,0.6,48.076371287391495
500.0,0.755,0.8,54.389039702230946
500.0,0.755,1.0,58.96790512817381
500.0,0.783,0.001,0.0
500.0,0.783,0.005,0.0
500.0,0.783,0.01,0.0
500.0,0.783,0.0125,0.0
500.0,0.783,0.015,0.0
500.0,0.783,0.02,0.5937642218142399
500.0,0.783,0.03,3.9685007808914223
500.0,0.783,0.04,7.191825799333506
500.0,0.783,0.05,9.033722736595532
500.0,0.783,0.1,17.08023726796981
500.0,0.783,0.15,23.453230727268345
500.0,0.783,0.2,27.859624641346734
500.0,0.783,0.25,32.19739577279758
500.0,0.783,0.3,34.55325121192787
500.0,0.783,0.4,40.01888281452612
500.0,0.783,0.5,43.43198602008974
500.0,0.783,0.6,48.17189635605361
500.0,0.783,0.8,55.64732177532704
500.0,0.783,1.0,58.80025773957733
500.0,0.787,0.001,0.0
500.0,0.787,0.005,0.0
500.0,0.787,0.01,0.0
500.0,0.787,0.0125,0.0
500.0,0.787,0.015,0.0
500.0,0.787,0.02,1.1009366429882341
500.0,0.787,0.03,4.164838494054376
500.0,0.787,0.04,6.467276785468267
500.0,0.787,0.05,9.3102879778629
500.0,0.787,0.1,16.159687261769687
500.0,0.787,0.15,21.44287151833508
500.0,0.787,0.2,27.06106593692836
500.0,0.787,0.25,30.413357497757023
500.0,0.787,0.3,33.51999439850331
500.0,0.787,0.4,38.39523051301429
500.0,0.787,0.5,44.28135746242935
500.0,0.787,0.6,48.361670118460204
500.0,0.787,0.8,54.114681957481515
500.0,0.787,1.0,58.158873988909896
500.0,0.847,0.001,0.0
500.0,0.847,0.005,0.0
500.0,0.847,0.01,0.0
500.0,0.847,0.0125,0.0
500.0,0.847,0.015,0.0
500.0,0.847,0.02,0.587073821313816
500.0,0.847,0.03,4.1841002091101265
500.0,0.847,0.04,6.377438511632576
500.0,0.847,0.05,8.88656040584696
500.0,0.847,0.1,15.527048698485249
500.0,0.847,0.15,22.68767827457731
500.0,0.847,0.2,27.086179044832097
500.0,0.847,0.25,31.12207814040109
500.0,0.847,0.3,33.94117948622916
500.0,0.847,0.4,39.15448247987335
500.0,0.847,0.5,44.022061225407604
500.0,0.847,0.6,49.06899868726071
500.0,0.847,0.8,54.705251246625856
500.0,0.847,1.0,58.99871011276811
1000.0,0.451,0.001,0.0
1000.0,0.451,0.005,0.0
1000.0,0.451,0.01,0.0
1000.0,0.451,0.0125,0.30775795218132523
1000.0,0.451,0.015,1.623113592159568
1000.0,0.451,0.02,4.205503157378659
1000.0,0.451,0.03,5.869488425846683
1000.0,0.451,0.04,7.522592532815025
1000.0,0.451,0.05,9.93054683799669
1000.0,0.451,0.1,19.309596625607366
1000.0,0.451,0.15,25.376858334358268
1000.0,0.451,0.2,29.824770511760143
1000.0,0.451,0.25,32.54575561800137
1000.0,0.451,0.3,35.34485213881506
1000.0,0.451,0.4,40.30179615240414
1000.0,0.451,0.5,45.69997545759943
1000.0,0.451,0.6,49.840686504281884
1000.0,0.451,0.8,54.84822851503894
1000.0,0.451,1.0,59.78495779415478
1000.0,0.486,0.001,0.0
1000.0,0.486,0.005,0.0
1000.0,0.486,0.01,0.0
1000.0,0.486,0.0125,0.1460766506633568
1000.0,0.486,0.015,1.2547519045653275
1000.0,0.486,0.02,2.95451139487195
1000.0,0.486,0.03,5.890497513702641
1000.0,0.486,0.04,8.168806067626093
1000.0,0.486,0.05,10.436546358280115
1000.0,0.486,0.1,19.00760437194653
1000.0,0.486,0.15,24.019423378460836
1000.0,0.486,0.2,29.36032042245759
1000.0,0.486,0.25,32.47904770322948
1000.0,0.486,0.3,35.906882864209436
1000.0,0.486,0.4,41.90254950612931
1000.0,0.486,0.5,45.26512792383994
1000.0,0.486,0.6,50.18482331688745
1000.0,0.486,0.8,55.245685929495224
1000.0,0.486,1.0,60.32601922270403
1000.0,0.561,0.001,0.0
1000.0,0.561,0.005,0.0
1000.0,0.561,0.01,0.0
1000.0,0.561,0.0125,0.0014318442153493699
1000.0,0.561,0.015,0.7489726691257406
1000.0,0.561,0.02,2.409908965012561
1000.0,0.561,0.03,5.355694549084179
1000.0,0.561,0.04,8.245533972988337
1000.0,0.561,0.05,9.615321577533122
1000.0,0.561,0.1,17.849481460784574
1000.0,0.561,0.15,23.442824085639497
1000.0,0.561,0.2,28.1689075533469
1000.0,0.561,0.25,32.8248529637594
1000.0,0.561,0.3,34.83855880342715
1000.0,0.561,0.4,40.55422127234041
1000.0,0.561,0.5,45.22425607601901
1000.0,0.561,0.6,49.1295468975616
1000.0,0.561,0.8,54.726649547178496
1000.0,0.561,1.0,59.78627239831491
1000.0,0.603,0.001,0.0
1000.0,0.603,0.005,0.0
1000.0,0.603,0.01,0.0
1000.0,0.603,0.0125,0.05212050687876272
1000.0,0.603,0.015,0.8392750003692292
1000.0,0.603,0.02,3.3645180549690052
1000.0,0.603,0.03,5.791680827661677
1000.0,0.603,0.04,7.568548953466953
1000.0,0.603,0.05,9.37154680199538
1000.0,0.603,0.1,18.15579055377824
1000.0,0.603,0.15,23.69483256626952
1000.0,0.603,0.2,28.16310701893057
1000.0,0.603,0.25,30.880230669756163
1000.0,0.603,0.3,34.87191956352115
1000.0,0.603,0.4,41.02209314000783
1000.0,0.603,0.5,45.82105560597072
1000.0,0.603,0.6,49.97300582103326
1000.0,0.603,0.8,56.72813754101156
1000.0,0.603,1.0,59.932034433484525
1000.0,0.661,0.001,0.0
1000.0,0.661,0.005,0.0
1000.0,0.661,0.01,0.0
1000.0,0.661,0.0125,0.00237759941825128
1000.0,0.661,0.015,0.25387830968456365
1000.0,0.661,0.02,2.4336022659590038
1000.0,0.661,0.03,5.955153714044061
1000.0,0.661,0.04,7.112895835277949
1000.0,0.661,0.05,9.214422684664484
1000.0,0.661,0.1,16.925886724827897
1000.0,0.661,0.15,23.15135719044695
1000.0,0.661,0.2,28.57695916032177
1000.0,0.661,0.25,32.22789375015165
1000.0,0.661,0.3,34.96419889167673
1000.0,0.661,0.4,40.53887257230761
1000.0,0.661,0.5,45.35284313595282
1000.0,0.661,0.6,49.674641787937006
1000.0,0.661,0.8,54.908109032843505
1000.0,0.661,1.0,60.36989033799769
1000.0,0.676,0.001,0.0
1000.0,0.676,0.005,0.0
1000.0,0.676,0.01,0.0
1000.0,0.676,0.0125,0.061129695119945246
1000.0,0.676,0.015,0.5490337457541838
1000.0,0.676,0.02,2.3812181795542102
1000.0,0.676,0.03,5.414858046691952
1000.0,0.676,0.04,7.284715931572829
1000.0,0.676,0.05,9.696598079921252
1000.0,0.676,0.1,17.03974177209342
1000.0,0.676,0.15,22.708145436804205
1000.0,0.676,0.2,28.904966352434336
1000.0,0.676,0.25,31.72424476530706
1000.0,0.676,0.3,35.35292179589432
1000.0,0.676,0.4,40.57799257421667
1000.0,0.676,0.5,44.87775007673777
1000.0,0.676,0.6,49.54117152399277
1000.0,0.676,0.8,54.19454150813033
1000.0,0.676,1.0,58.86403777050871
1000.0,0.755,0.001,0.0
1000.0,0.755,0.005,0.0
1000.0,0.755,0.01,0.0
1000.0,0.755,0.0125,0.0
1000.0,0.755,0.015,0.19156376129506436
1000.0,0.755,0.02,2.0753515092739083
1000.0,0.755,0.03,5.23898924100232
1000.0,0.755,0.04,7.142488484103595
1000.0,0.755,0.05,8.144913918976096
1000.0,0.755,0.1,16.935195170863402
1000.0,0.755,0.15,23.037126953986704
1000.0,0.755,0.2,27.352560861377192
1000.0,0.755,0.25,32.36568797396736
1000.0,0.755,0.3,36.1381809862053
1000.0,0.755,0.4,40.12571837878831
1000.0,0.755,0.5,45.41947281480615
1000.0,0.755,0.6,48.49126778789804
1000.0,0.755,0.8,54.90584990280608
1000.0,0.755,1.0,59.501912458009784
1000.0,0.783,0.001,0.0
1000.0,0.783,0.005,0.0
1000.0,0.783,0.01,0.0
1000.0,0.783,0.0125,0.0
1000.0,0.783,0.015,0.18416339090943026
1000.0,0.783,0.02,2.7117458513242245
1000.0,0.783,0.03,4.554873207733472
1000.0,0.783,0.04,6.954249239765592
1000.0,0.783,0.05,9.307057690030575
1000.0,0.783,0.1,16.653967078194587
1000.0,0.783,0.15,23.083223235538647
1000.0,0.783,0.2,27.96258183604713
1000.0,0.783,0.25,31.32218411094118
1000.0,0.783,0.3,34.798368093812094
1000.0,0.783,0.4,39.40904137376965
1000.0,0.783,0.5,45.28843204738078
1000.0,0.783,0.6,47.99369115414076
1000.0,0.783,0.8,54.47995995995406
1000.0,0.783,1.0,59.2347772816543
1000.0,0.787,0.001,0.0
1000.0,0.787,0.005,0.0
1000.0,0.787,0.01,0.0
1000.0,0.787,0.0125,0.0
1000.0,0.787,0.015,0.08969365876151023
1000.0,0.787,0.02,1.495663578451867
1000.0,0.787,0.03,4.356609706431586
1000.0,0.787,0.04,6.831018550734936
1000.0,0.787,0.05,8.854594579725308
1000.0,0.787,0.1,16.748151103134326
1000.0,0.787,0.15,22.55556798264398
1000.0,0.787,0.2,26.374098153599498
1000.0,0.787,0.25,32.21883089785592
1000.0,0.787,0.3,34.03589736752365
1000.0,0.787,0.4,40.355504921365146
1000.0,0.787,0.5,45.39185582177119
1000.0,0.787,0.6,48.76016516796417
1000.0,0.787,0.8,55.04236782868048
1000.0,0.787,1.0,58.9896398126471
1000.0,0.847,0.001,0.0
1000.0,0.847,0.005,0.0
1000.0,0.847,0.01,0.0
1000.0,0.847,0.0125,0.0
1000.0,0.847,0.015,0.0
1000.0,0.847,0.02,1.9214279143332127
1000.0,0.847,0.03,4.460259610458459
1000.0,0.847,0.04,6.109376264483594
1000.0,0.847,0.05,8.332589243441628
1000.0,0.847,0.1,15.77288909197878
1000.0,0.847,0.15,21.93624811428599
1000.0,0.847,0.2,26.870358706863385
1000.0,0.847,0.25,30.797933907072302
1000.0,0.847,0.3,34.4836388188633
1000.0,0.847,0.4,39.4481070954141
1000.0,0.847,0.5,44.87919121936933
1000.0,0.847,0.6,48.083355567611534
1000.0,0.847,0.8,54.624207529425874
1000.0,0.847,1.0,58.97885073650805
2000.0,0.451,0.001,0.0
2000.0,0.451,0.005,0.0
2000.0,0.451,0.01,0.0
2000.0,0.451,0.0125,0.7310489333244653
2000.0,0.451,0.015,2.484873476359637
2000.0,0.451,0.02,4.183689015624757
2000.0,0.451,0.03,6.383972697703899
2000.0,0.451,0.04,8.427561500386066
2000.0,0.451,0.05,10.091412996104253
2000.0,0.451,0.1,18.469128599034004
2000.0,0.451,0.15,24.386234676110224
2000.0,0.451,0.2,28.8655536996208
2000.0,0.451,0.25,33.40432589748272
2000.0,0.451,0.3,35.26992490197045
2000.0,0.451,0.4,41.24478332317448
2000.0,0.451,0.5,45.059535960864345
2000.0,0.451,0.6,50.21249668601596
2000.0,0.451,0.8,55.880144542704045
2000.0,0.451,1.0,59.867222295084574
2000.0,0.486,0.001,0.0
2000.0,0.486,0.005,0.0
2000.0,0.486,0.01,0.015830421720641898
2000.0,0.486,0.0125,0.7124806369840462
2000.0,0.486,0.015,2.04942797050927
2000.0,0.486,0.02,3.754630192609851
2000.0,0.486,0.03,6.110197256365177
2000.0,0.486,0.04,8.27153314179574
2000.0,0.486,0.05,10.117389744910737
2000.0,0.486,0.1,18.72511075651213
2000.0,0.486,0.15,24.73766110132635
2000.0,0.486,0.2,29.266316665295783
2000.0,0.486,0.25,32.394604685913656
2000.0,0.486,0.3,35.644943718418276
2000.0,0.486,0.4,41.233400007897465
2000.0,0.486,0.5,46.049611633483714
2000.0,0.486,0.6,48.48992925492415
2000.0,0.486,0.8,55.5017365465309
2000.0,0.486,1.0,59.71198269341944
2000.0,0.561,0.001,0.0
2000.0,0.561,0.005,0.0
2000.0,0.561,0.01,0.0
2000.0,0.561,0.0125,0.2555618639949301
2000.0,0.561,0.015,2.0614898859177013
2000.0,0.561,0.02,3.4919106264905913
2000.0,0.561,0.03,5.834820736446094
2000.0,0.561,0.04,7.659740223801629
2000.0,0.561,0.05,9.490676578818235
2000.0,0.561,0.1,18.03270871906387
2000.0,0.561,0.15,23.952652234314066
2000.0,0.561,0.2,28.551922374476323
2000.0,0.561,0.25,32.73947113626102
2000.0,0.561,0.3,35.13276023129497
2000.0,0.561,0.4,41.531328445465874
2000.0,0.561,0.5,45.24120805592092
2000.0,0.561,0.6,49.279430705126785
2000.0,0.561,0.8,55.728686369662384
2000.0,0.561,1.0,60.29721638253078
2000.0,0.603,0.001,0.0
2000.0,0.603,0.005,0.0
2000.0,0.603,0.01,0.0
2000.0,0.603,0.0125,0.09680919603030383
2000.0,0.603,0.015,1.6185874193508638
2000.0,0.603,0.02,2.9596158813808104
2000.0,0.603,0.03,5.2839421398014474
2000.0,0.603,0.04,7.952217652471042
2000.0,0.603,0.05,9.543893924356992
2000.0,0.603,0.1,17.89447887949903
2000.0,0.603,0.15,24.16485581540131
2000.0,0.603,0.2,28.57587259853318
2000.0,0.603,0.25,32.299662412415564
2000.0,0.603,0.3,35.504625579639345
2000.0,0.603,0.4,41.08213348459343
2000.0,0.603,0.5,44.95859991893474
2000.0,0.603,0.6,49.41038110923259
2000.0,0.603,0.8,55.18693670356073
2000.0,0.603,1.0,59.74796062868785
2000.0,0.661,0.001,0.0
2000.0,0.661,0.005,0.0
2000.0,0.661,0.01,0.0
2000.0,0.661,0.0125,0.08346711367662461
2000.0,0.661,0.015,1.1562538621681733
2000.0,0.661,0.02,2.843788112043023
2000.0,0.661,0.03,5.318871373714459
2000.0,0.661,0.04,7.236009464668304
2000.0,0.661,0.05,9.36829513447341
2000.0,0.661,0.1,18.052560822251976
2000.0,0.661,0.15,23.666194444293314
2000.0,0.661,0.2,28.51537851801429
2000.0,0.661,0.25,32.14694534759541
2000.0,0.661,0.3,34.56895201176175
2000.0,0.661,0.4,41.11666769595697
2000.0,0.661,0.5,45.34058128406895
2000.0,0.661,0.6,49.25342335435891
2000.0,0.661,0.8,54.74153690959257
2000.0,0.661,1.0,60.38085317903517
2000.0,0.676,0.001,0.0
2000.0,0.676,0.005,0.0
2000.0,0.676,0.01,0.0
2000.0,0.676,0.0125,0.06703955115977095
2000.0,0.676,0.015,1.3536539166818606
2000.0,0.676,0.02,3.0492820958447036
2000.0,0.676,0.03,4.993637001955696
2000.0,0.676,0.04,7.208339172200418
2000.0,0.676,0.05,8.949783680594836
2000.0,0.676,0.1,17.32241764796938
2000.0,0.676,0.15,23.472247573701672
2000.0,0.676,0.2,28.46612029242919
2000.0,0.676,0.25,32.23048608524497
2000.0,0.676,0.3,34.50703195438746
2000.0,0.676,0.4,40.7429501910281
2000.0,0.676,0.5,45.59245058779898
2000.0,0.676,0.6,49.51173857493586
2000.0,0.676,0.8,55.34757203215096
2000.0,0.676,1.0,59.20149517665186
2000.0,0.755,0.001,0.0
2000.0,0.755,0.005,0.0
2000.0,0.755,0.01,0.0
2000.0,0.755,0.0125,0.0
2000.0,0.755,0.015,0.36741379467731344
2000.0,0.755,0.02,2.7001422629187166
2000.0,0.755,0.03,5.001315537036877
2000.0,0.755,0.04,6.685794973322059
2000.0,0.755,0.05,8.931763046609483
2000.0,0.755,0.1,16.76150366815295
2000.0,0.755,0.15,23.248173092983187
2000.0,0.755,0.2,27.93484102082944
2000.0,0.755,0.25,31.396822310748526
2000.0,0.755,0.3,34.8831392939514
2000.0,0.755,0.4,40.61487615450857
2000.0,0.755,0.5,44.734900810403886
2000.0,0.755,0.6,49.353348802087346
2000.0,0.755,0.8,54.445564819371555
2000.0,0.755,1.0,59.357367144500415
2000.0,0.783,0.001,0.0
2000.0,0.783,0.005,0.0
2000.0,0.783,0.01,0.0
2000.0,0.783,0.0125,0.0
2000.0,0.783,0.015,0.3675844016845054
2000.0,0.783,0.02,2.7759776621535215
2000.0,0.783,0.03,4.616198468569435
2000.0,0.783,0.04,6.892275720530918
2000.0,0.783,0.05,8.508863717593494
2000.0,0.783,0.1,16.9728212810354
2000.0,0.783,0.15,22.53715203753593
2000.0,0.783,0.2,27.794248825907722
2000.0,0.783,0.25,31.42423904884772
2000.0,0.783,0.3,34.73449086362926
2000.0,0.783,0.4,40.4589612570888
2000.0,0.783,0.5,44.38706109103201
2000.0,0.783,0.6,48.620347881653174
2000.0,0.783,0.8,54.30569077844656
2000.0,0.783,1.0,58.98571765469317
2000.0,0.787,0.001,0.0
2000.0,0.787,0.005,0.0
2000.0,0.787,0.01,0.0
2000.0,0.787,0.0125,0.0
2000.0,0.787,0.015,0.2337597615544594
2000.0,0.787,0.02,2.1362910917955054
2000.0,0.787,0.03,4.87288351552329
2000.0,0.787,0.04,7.0666829647497424
2000.0,0.787,0.05,8.684840526519112
2000.0,0.787,0.1,16.657096029318886
2000.0,0.787,0.15,22.800364623101178
2000.0,0.787,0.2,27.749090209753994
2000.0,0.787,0.25,31.34794512298157
2000.0,0.787,0.3,34.766079830299205
2000.0,0.787,0.4,40.36534233577731
2000.0,0.787,0.5,45.365767817239586
2000.0,0.787,0.6,48.814072316968854
2000.0,0.787,0.8,54.254737742775504
2000.0,0.787,1.0,59.23442573229047
2000.0,0.847,0.001,0.0
2000.0,0.847,0.005,0.0
2000.0,0.847,0.01,0.0
2000.0,0.847,0.0125,0.0
2000.0,0.847,0.015,0.08353342161435673
2000.0,0.847,0.02,2.1881760016951093
2000.0,0.847,0.03,4.341855364392481
2000.0,0.847,0.04,6.268504274682618
2000.0,0.847,0.05,8.08416571145153
2000.0,0.847,0.1,15.89982757588066
2000.0,0.847,0.15,22.952149336431688
2000.0,0.847,0.2,27.031625945986868
2000.0,0.847,0.25,31.3835857549776
2000.0,0.847,0.3,34.091935878630174
2000.0,0.847,0.4,39.813463651476496
2000.0,0.847,0.5,44.25787586332544
2000.0,0.847,0.6,48.18550122891345
2000.0,0.847,0.8,54.85192210295336
2000.0,0.847,1.0,58.9328624704022
5000.0,0.451,0.001,0.0
5000.0,0.451,0.005,0.0
5000.0,0.451,0.01,0.134128153288292
5000.0,0.451,0.0125,1.4880688312884822
5000.0,0.451,0.015,2.4243007230428937
5000.0,0.451,0.02,3.95401812618593
5000.0,0.451,0.03,6.30814922781512
5000.0,0.451,0.04,8.335336500528255
5000.0,0.451,0.05,10.947900524504607
5000.0,0.451,0.1,19.01415711012014
5000.0,0.451,0.15,24.279338131055148
5000.0,0.451,0.2,29.054347088774115
5000.0,0.451,0.25,32.48974181031642
5000.0,0.451,0.3,35.619143927997136
5000.0,0.451,0.4,40.93880715052691
5000.0,0.451,0.5,46.30371843182773
5000.0,0.451,0.6,49.42803276269528
5000.0,0.451,0.8,55.9917898915726
5000.0,0.451,1.0,60.42679664765967
5000.0,0.486,0.001,0.0
5000.0,0.486,0.005,0.0
5000.0,0.486,0.01,0.041207742859231226
5000.0,0.486,0.0125,1.3152133535555772
5000.0,0.486,0.015,2.0866864504657756
5000.0,0.486,0.02,3.8857684017554215
5000.0,0.486,0.03,5.884512900233209
5000.0,0.486,0.04,8.08595097324213
5000.0,0.486,0.05,10.24792317018377
5000.0,0.486,0.1,18.828438211208823
5000.0,0.486,0.15,24.441659289065164
5000.0,0.486,0.2,28.68534704725969
5000.0,0.486,0.25,32.2491481501472
5000.0,0.486,0.3,35.78789765704423
5000.0,0.486,0.4,40.90409431959449
5000.0,0.486,0.5,45.18594064102534
5000.0,0.486,0.6,49.64429286357924
5000.0,0.486,0.8,55.44849484515787
5000.0,0.486,1.0,60.102189230947694
5000.0,0.561,0.001,0.0
5000.0,0.561,0.005,0.0
5000.0,0.561,0.01,0.004213582916652925
5000.0,0.561,0.0125,0.9826910748902937
5000.0,0.561,0.015,2.065605235799428
5000.0,0.561,0.02,3.103528785488583
5000.0,0.561,0.03,5.715587451605972
5000.0,0.561,0.04,8.07195885090055
5000.0,0.561,0.05,9.897784557017545
5000.0,0.561,0.1,18.30360876962252
5000.0,0.561,0.15,24.147559679880853
5000.0,0.561,0.2,28.58790867206353
5000.0,0.561,0.25,32.706556979640126
5000.0,0.561,0.3,35.16173579168509
5000.0,0.561,0.4,41.02020989185198
5000.0,0.561,0.5,45.6067030786591
5000.0,0.561,0.6,49.48265928698022
5000.0,0.561,0.8,55.5904642425666
5000.0,0.561,1.0,60.43555177716458
5000.0,0.603,0.001,0.0
5000.0,0.603,0.005,0.0
5000.0,0.603,0.01,0.0
5000.0,0.603,0.0125,0.7222295174553832
5000.0,0.603,0.015,1.7080981997184779
5000.0,0.603,0.02,3.341887647622033
5000.0,0.603,0.03,5.528407034852025
5000.0,0.603,0.04,7.680453551495313
5000.0,0.603,0.05,9.691608083436691
5000.0,0.603,0.1,17.97062754834348
5000.0,0.603,0.15,23.805077262436576
5000.0,0.603,0.2,28.49990260113422
5000.0,0.603,0.25,32.04486877452705
5000.0,0.603,0.3,35.38428139593723
5000.0,0.603,0.4,41.0307843022849
5000.0,0.603,0.5,45.57267904976955
5000.0,0.603,0.6,49.36562103526804
5000.0,0.603,0.8,55.53542951597042
5000.0,0.603,1.0,59.80796914503801
5000.0,0.661,0.001,0.0
5000.0,0.661,0.005,0.0
5000.0,0.661,0.01,0.0
5000.0,0.661,0.0125,0.4323747776119714
5000.0,0.661,0.015,1.6483877537597524
5000.0,0.661,0.02,3.319871854305945
5000.0,0.661,0.03,5.208380464163959
5000.0,0.661,0.04,7.367004194370054
5000.0,0.661,0.05,9.267369467591541
5000.0,0.661,0.1,17.77081522301722
5000.0,0.661,0.15,23.609859428194447
5000.0,0.661,0.2,27.785746870653288
5000.0,0.661,0.25,32.09353496096396
5000.0,0.661,0.3,35.43307875094921
5000.0,0.661,0.4,40.71179702313743
5000.0,0.661,0.5,45.459707442301486
5000.0,0.661,0.6,49.192856403789094
5000.0,0.661,0.8,54.84473465742944
5000.0,0.661,1.0,59.91480055117004
5000.0,0.676,0.001,0.0
5000.0,0.676,0.005,0.0
5000.0,0.676,0.01,0.0
5000.0,0.676,0.0125,0.2103382843419729
5000.0,0.676,0.015,1.3216180790447987
5000.0,0.676,0.02,2.935975437086016
5000.0,0.676,0.03,5.132629678295909
5000.0,0.676,0.04,7.211208237790737
5000.0,0.676,0.05,9.379752492544606
5000.0,0.676,0.1,17.75990462441732
5000.0,0.676,0.15,23.623002917487753
5000.0,0.676,0.2,28.313079827708446
5000.0,0.676,0.25,32.06451820847642
5000.0,0.676,0.3,35.46726004815946
5000.0,0.676,0.4,40.902274502625446
5000.0,0.676,0.5,44.98328932855616
5000.0,0.676,0.6,49.108894071661155
5000.0,0.676,0.8,55.651653723743195
5000.0,0.676,1.0,60.038447657731254
5000.0,0.755,0.001,0.0
5000.0,0.755,0.005,0.0
5000.0,0.755,0.01,0.0
5000.0,0.755,0.0125,0.02636157681071164
5000.0,0.755,0.015,1.197285104364795
5000.0,0.755,0.02,2.7315213914500083
5000.0,0.755,0.03,4.868244533700837
5000.0,0.755,0.04,7.014882240998904
5000.0,0.755,0.05,8.909453841404634
5000.0,0.755,0.1,16.647990035278497
5000.0,0.755,0.15,23.09281501018119
5000.0,0.755,0.2,27.5656585364848
5000.0,0.755,0.25,31.561717228803396
5000.0,0.755,0.3,34.96035953545651
5000.0,0.755,0.4,40.48736623362633
5000.0,0.755,0.5,44.817630082017025
5000.0,0.755,0.6,48.505655550232404
5000.0,0.755,0.8,54.505449122717
5000.0,0.755,1.0,59.52179123597987
5000.0,0.783,0.001,0.0
5000.0,0.783,0.005,0.0
5000.0,0.783,0.01,0.0
5000.0,0.783,0.0125,0.014836584067882852
5000.0,0.783,0.015,0.8897386756441579
5000.0,0.783,0.02,2.4253627672725995
5000.0,0.783,0.03,4.815016652150056
5000.0,0.783,0.04,6.707805244402893
5000.0,0.783,0.05,8.58056046250864
5000.0,0.783,0.1,16.64523385520048
5000.0,0.783,0.15,23.261346197944636
5000.0,0.783,0.2,27.829158206757125
5000.0,0.783,0.25,31.553327745218304
5000.0,0.783,0.3,34.49081417305208
5000.0,0.783,0.4,40.16707834190048
5000.0,0.783,0.5,44.75865706543463
5000.0,0.783,0.6,49.053666579557195
5000.0,0.783,0.8,55.05559372374164
5000.0,0.783,1.0,59.62498349194384
5000.0,0.787,0.001,0.0
5000.0,0.787,0.005,0.0
5000.0,0.787,0.01,0.0
5000.0,0.787,0.0125,0.0
5000.0,0.787,0.015,0.8461569766535442
5000.0,0.787,0.02,2.3276359584786013
5000.0,0.787,0.03,4.7605846510062415
5000.0,0.787,0.04,6.462267915347754
5000.0,0.787,0.05,8.741776531661579
5000.0,0.787,0.1,16.649804573186746
5000.0,0.787,0.15,23.19017882166981
5000.0,0.787,0.2,27.740723841487686
5000.0,0.787,0.25,31.017338181151082
5000.0,0.787,0.3,34.50376131869463
5000.0,0.787,0.4,40.45855637581006
5000.0,0.787,0.5,44.806556197377716
5000.0,0.787,0.6,48.61064614991906
5000.0,0.787,0.8,55.128344391293275
5000.0,0.787,1.0,59.37484095933892
5000.0,0.847,0.001,0.0
5000.0,0.847,0.005,0.0
5000.0,0.847,0.01,0.0
5000.0,0.847,0.0125,0.0
5000.0,0.847,0.015,0.28160763858308674
5000.0,0.847,0.02,2.0949790092380596
5000.0,0.847,0.03,4.500803802174891
5000.0,0.847,0.04,6.408578850173207
5000.0,0.847,0.05,8.147920562548734
5000.0,0.847,0.1,16.530900268016673
5000.0,0.847,0.15,22.35924040850114
5000.0,0.847,0.2,27.16578213004887
5000.0,0.847,0.25,30.68769861646525
5000.0,0.847,0.3,34.69566619183806
5000.0,0.847,0.4,40.082065822248
5000.0,0.847,0.5,44.8406338607597
5000.0,0.847,0.6,48.35381582778881
5000.0,0.847,0.8,54.244322087114995
5000.0,0.847,1.0,59.135198037908694
10000.0,0.451,0.001,0.0
10000.0,0.451,0.005,0.0
10000.0,0.451,0.01,0.13191826954729285
10000.0,0.451,0.0125,1.5067369740175816
10000.0,0.451,0.015,2.4635241220170156
10000.0,0.451,0.02,3.821995112970807
10000.0,0.451,0.03,6.126582104310844
10000.0,0.451,0.04,8.154456615273565
10000.0,0.451,0.05,10.300571917178171
10000.0,0.451,0.1,18.796723267153062
10000.0,0.451,0.15,24.242957097701897
10000.0,0.451,0.2,28.8690073725058
10000.0,0.451,0.25,32.754710129541124
10000.0,0.451,0.3,35.75391209796576
10000.0,0.451,0.4,41.07763401106578
10000.0,0.451,0.5,45.60879981833029
10000.0,0.451,0.6,49.5699591803671
10000.0,0.451,0.8,55.74654714501444
10000.0,0.451,1.0,60.510852943063654
10000.0,0.486,0.001,0.0
10000.0,0.486,0.005,0.0
10000.0,0.486,0.01,0.06336101419057671
10000.0,0.486,0.0125,1.3465236101072686
10000.0,0.486,0.015,2.1601731190522884
10000.0,0.486,0.02,3.5871561587351612
10000.0,0.486,0.03,6.071960866782581
10000.0,0.486,0.04,8.0891097857427
10000.0,0.486,0.05,10.023329065276437
10000.0,0.486,0.1,18.616158563385987
10000.0,0.486,0.15,24.553301999619162
10000.0,0.486,0.2,28.726173425787238
10000.0,0.486,0.25,32.130680708763705
10000.0,0.486,0.3,35.68115101508619
10000.0,0.486,0.4,40.908503462939635
10000.0,0.486,0.5,46.052479886288026
10000.0,0.486,0.6,49.31718170282987
10000.0,0.486,0.8,55.83612449541297
10000.0,0.486,1.0,60.30340700963528
10000.0,0.561,0.001,0.0
10000.0,0.561,0.005,0.0
10000.0,0.561,0.01,0.002370533848085995
10000.0,0.561,0.0125,1.1567040556897747
10000.0,0.561,0.015,1.9232096603755764
10000.0,0.561,0.02,3.4474647772687996
10000.0,0.561,0.03,5.674157933527418
10000.0,0.561,0.04,7.935353103307525
10000.0,0.561,0.05,9.728552780322675
10000.0,0.561,0.1,18.27177704335201
10000.0,0.561,0.15,24.16609115474521
10000.0,0.561,0.2,28.803099412158833
10000.0,0.561,0.25,32.395704247456905
10000.0,0.561,0.3,35.383373801770865
10000.0,0.561,0.4,41.170856440519245
10000.0,0.561,0.5,45.44990512815914
10000.0,0.561,0.6,49.54326371638119
10000.0,0.561,0.8,55.342341945611125
10000.0,0.561,1.0,60.16640755654181
10000.0,0.603,0.001,0.0
10000.0,0.603,0.005,0.0
10000.0,0.603,0.01,0.0
10000.0,0.603,0.0125,0.7645657401568153
10000.0,0.603,0.015,1.6737842508392764
10000.0,0.603,0.02,3.2155590354776438
10000.0,0.603,0.03,5.422374829567278
10000.0,0.603,0.04,7.819826932149297
10000.0,0.603,0.05,9.562358777989912
10000.0,0.603,0.1,17.96548955841345
10000.0,0.603,0.15,24.108397584896792
10000.0,0.603,0.2,28.539340574583157
10000.0,0.603,0.25,31.914669683328036
10000.0,0.603,0.3,35.47782955696478
10000.0,0.603,0.4,40.79976858736548
10000.0,0.603,0.5,45.428198290038814
10000.0,0.603,0.6,49.29503421015788
10000.0,0.603,0.8,55.39363161341174
10000.0,0.603,1.0,59.87782216627316
10000.0,0.661,0.001,0.0
10000.0,0.661,0.005,0.0
10000.0,0.661,0.01,0.0
10000.0,0.661,0.0125,0.5181019724178373
10000.0,0.661,0.015,1.5373529713397747
10000.0,0.661,0.02,3.1471363894833106
10000.0,0.661,0.03,5.345676504633811
10000.0,0.661,0.04,7.272461893088808
10000.0,0.661,0.05,9.369082124108184
10000.0,0.661,0.1,17.725410260192227
10000.0,0.661,0.15,23.92456319690333
10000.0,0.661,0.2,28.002555905621325
10000.0,0.661,0.25,32.16942855263631
10000.0,0.661,0.3,35.22134914844312
10000.0,0.661,0.4,40.36429478131466
10000.0,0.661,0.5,45.12432833504967
10000.0,0.661,0.6,49.22722047699431
10000.0,0.661,0.8,55.09133090081573
10000.0,0.661,1.0,59.97548069421483
10000.0,0.676,0.001,0.0
10000.0,0.676,0.005,0.0
10000.0,0.676,0.01,0.0
10000.0,0.676,0.0125,0.4691006415937731
10000.0,0.676,0.015,1.5430414614561065
10000.0,0.676,0.02,2.9286931857345833
10000.0,0.676,0.03,5.196938095654133
10000.0,0.676,0.04,7.463684256061765
10000.0,0.676,0.05,9.175447680141085
10000.0,0.676,0.1,17.566414751319982
10000.0,0.676,0.15,23.652264185278693
10000.0,0.676,0.2,28.306059945330826
10000.0,0.676,0.25,31.732843817032858
10000.0,0.676,0.3,35.26523895713195
10000.0,0.676,0.4,40.570723050002925
10000.0,0.676,0.5,45.45480616162874
10000.0,0.676,0.6,49.39068879903457
10000.0,0.676,0.8,54.865861144649614
10000.0,0.676,1.0,59.862105436194454
10000.0,0.755,0.001,0.0
10000.0,0.755,0.005,0.0
10000.0,0.755,0.01,0.0
10000.0,0.755,0.0125,0.08470238144929727
10000.0,0.755,0.015,1.1600536849347198
10000.0,0.755,0.02,2.6291722239391495
10000.0,0.755,0.03,4.858770566935168
10000.0,0.755,0.04,6.92416367508457
10000.0,0.755,0.05,8.758139020568846
10000.0,0.755,0.1,17.119592942877155
10000.0,0.755,0.15,23.1331645839929
10000.0,0.755,0.2,27.537223100103894
10000.0,0.755,0.25,31.549732296510435
10000.0,0.755,0.3,34.71467788787957
10000.0,0.755,0.4,40.260897997170176
10000.0,0.755,0.5,45.01802058466515
10000.0,0.755,0.6,48.71468968336883
10000.0,0.755,0.8,54.643333656770324
10000.0,0.755,1.0,59.27308754219489
10000.0,0.783,0.001,0.0
10000.0,0.783,0.005,0.0
10000.0,0.783,0.01,0.0
10000.0,0.783,0.0125,0.04250627213242998
10000.0,0.783,0.015,1.0221583036586428
10000.0,0.783,0.02,2.648231806772295
10000.0,0.783,0.03,4.769147181961066
10000.0,0.783,0.04,6.849723518739667
10000.0,0.783,0.05,8.768753010404634
10000.0,0.783,0.1,16.950949163852414
10000.0,0.783,0.15,22.947389311944903
10000.0,0.783,0.2,27.571645318135324
10000.0,0.783,0.25,31.13659490081874
10000.0,0.783,0.3,34.91515650290209
10000.0,0.783,0.4,40.520577066999415
10000.0,0.783,0.5,44.898284967762166
10000.0,0.783,0.6,48.69639183658151
10000.0,0.783,0.8,54.976331591311975
10000.0,0.783,1.0,58.91319251392268
10000.0,0.787,0.001,0.0
10000.0,0.787,0.005,0.0
10000.0,0.787,0.01,0.0
10000.0,0.787,0.0125,0.0065938022468796445
10000.0,0.787,0.015,0.9248516205074606
10000.0,0.787,0.02,2.7025924688140983
10000.0,0.787,0.03,4.7621105893422415
10000.0,0.787,0.04,6.862326392739097
10000.0,0.787,0.05,8.72125008235409
10000.0,0.787,0.1,16.92532085716721
10000.0,0.787,0.15,22.91534905308744
10000.0,0.787,0.2,27.73785979180883
10000.0,0.787,0.25,31.58998852797443
10000.0,0.787,0.3,34.75111092342849
10000.0,0.787,0.4,40.196822653906224
10000.0,0.787,0.5,44.91567359372549
10000.0,0.787,0.6,48.77933291451344
10000.0,0.787,0.8,54.86388174507776
10000.0,0.787,1.0,59.54733445861824
10000.0,0.847,0.001,0.0
10000.0,0.847,0.005,0.0
10000.0,0.847,0.01,0.0
10000.0,0.847,0.0125,0.0
10000.0,0.847,0.015,0.6651770494681737
10000.0,0.847,0.02,2.1758728165850476
10000.0,0.847,0.03,4.351910829322135
10000.0,0.847,0.04,6.42563675036492
10000.0,0.847,0.05,8.325675732691627
10000.0,0.847,0.1,16.321969004731592
10000.0,0.847,0.15,22.52285137128313
10000.0,0.847,0.2,27.177329843628087
10000.0,0.847,0.25,31.397948691299625
10000.0,0.847,0.3,34.66115353382627
10000.0,0.847,0.4,40.0528840301414
10000.0,0.847,0.5,44.590156957897264
10000.0,0.847,0.6,48.508380108627804
10000.0,0.847,0.8,54.2304943708833
10000.0,0.847,1.0,59.004768773046564
15000.0,0.451,0.001,0.0
15000.0,0.451,0.005,0.0
15000.0,0.451,0.01,0.2518076128351731
15000.0,0.451,0.0125,1.5846769875483484
15000.0,0.451,0.015,2.4505853031000937
15000.0,0.451,0.02,3.757194382716066
15000.0,0.451,0.03,6.03327662719984
15000.0,0.451,0.04,8.350766378711906
15000.0,0.451,0.05,10.511220796995165
15000.0,0.451,0.1,18.748651245941154
15000.0,0.451,0.15,24.19912446582967
15000.0,0.451,0.2,28.86211166236572
15000.0,0.451,0.25,32.5356898261055
15000.0,0.451,0.3,35.72823040100533
15000.0,0.451,0.4,41.189957194152704
15000.0,0.451,0.5,45.7104550428617
15000.0,0.451,0.6,49.58365450121174
15000.0,0.451,0.8,55.90949649746419
15000.0,0.451,1.0,60.344602967978275
15000.0,0.486,0.001,0.0
15000.0,0.486,0.005,0.0
15000.0,0.486,0.01,0.0893895216917597
15000.0,0.486,0.0125,1.3740483193835389
15000.0,0.486,0.015,2.3100907838937323
15000.0,0.486,0.02,3.7228194667206402
15000.0,0.486,0.03,6.104669455041765
15000.0,0.486,0.04,8.295632252556963
15000.0,0.486,0.05,9.954330488050584
15000.0,0.486,0.1,18.620318588623313
15000.0,0.486,0.15,24.431263822611573
15000.0,0.486,0.2,28.90078587164507
15000.0,0.486,0.25,32.52368202615983
15000.0,0.486,0.3,35.80234978493984
15000.0,0.486,0.4,41.09926189118311
15000.0,0.486,0.5,45.58178647771767
15000.0,0.486,0.6,49.74416054266905
15000.0,0.486,0.8,55.57472264406306
15000.0,0.486,1.0,60.37125661012842
15000.0,0.561,0.001,0.0
15000.0,0.561,0.005,0.0
15000.0,0.561,0.01,0.0
15000.0,0.561,0.0125,1.111597349875287
15000.0,0.561,0.015,2.0011310794430117
15000.0,0.561,0.02,3.4027540516334027
15000.0,0.561,0.03,5.646932890293002
15000.0,0.561,0.04,7.829958547048695
15000.0,0.561,0.05,9.890313104259803
15000.0,0.561,0.1,18.103445934141128
15000.0,0.561,0.15,23.932034176861354
15000.0,0.561,0.2,28.38937812736083
15000.0,0.561,0.25,32.49084711174245
15000.0,0.561,0.3,35.687219688740505
15000.0,0.561,0.4,41.05850381738578
15000.0,0.561,0.5,45.65851841857748
15000.0,0.561,0.6,49.56406287476887
15000.0,0.561,0.8,55.270192642683035
15000.0,0.561,1.0,60.130479468481305
15000.0,0.603,0.001,0.0
15000.0,0.603,0.005,0.0
15000.0,0.603,0.01,0.0
15000.0,0.603,0.0125,0.8157069546440464
15000.0,0.603,0.015,1.7820724862749793
15000.0,0.603,0.02,3.218563508566833
15000.0,0.603,0.03,5.579880614770176
15000.0,0.603,0.04,7.70362289532694
15000.0,0.603,0.05,9.616756157496534
15000.0,0.603,0.1,17.74683071861467
15000.0,0.603,0.15,23.97439964704099
15000.0,0.603,0.2,28.438453740679574
15000.0,0.603,0.25,32.16694225571057
15000.0,0.603,0.3,35.355376592468986
15000.0,0.603,0.4,40.91348152705845
15000.0,0.603,0.5,45.54524012210413
15000.0,0.603,0.6,49.55902465604
15000.0,0.603,0.8,55.43619998900929
15000.0,0.603,1.0,59.884808584675035
15000.0,0.661,0.001,0.0
15000.0,0.661,0.005,0.0
15000.0,0.661,0.01,0.0
15000.0,0.661,0.0125,0.5249349392737502
15000.0,0.661,0.015,1.5641433910653224
15000.0,0.661,0.02,3.103191940932336
15000.0,0.661,0.03,5.3032546929415565
15000.0,0.661,0.04,7.3943960324290146
15000.0,0.661,0.05,9.373072994152954
15000.0,0.661,0.1,17.56380529403986
15000.0,0.661,0.15,23.694312465048377
15000.0,0.661,0.2,28.177996203352524
15000.0,0.661,0.25,31.869228664096948
15000.0,0.661,0.3,35.15087878897154
15000.0,0.661,0.4,40.71801057133759
15000.0,0.661,0.5,45.06612433504493
15000.0,0.661,0.6,48.991294456064324
15000.0,0.661,0.8,55.19939267254581
15000.0,0.661,1.0,59.91623155565524
15000.0,0.676,0.001,0.0
15000.0,0.676,0.005,0.0
15000.0,0.676,0.01,0.0
15000.0,0.676,0.0125,0.4837636662249537
15000.0,0.676,0.015,1.642978172935105
15000.0,0.676,0.02,3.0207413862354224
15000.0,0.676,0.03,5.210017267892786
15000.0,0.676,0.04,7.343897088266999
15000.0,0.676,0.05,9.355091222501821
15000.0,0.676,0.1,17.629210219033972
15000.0,0.676,0.15,23.620916169355702
15000.0,0.676,0.2,28.07520735349312
15000.0,0.676,0.25,31.78260181381764
15000.0,0.676,0.3,35.31906194612729
15000.0,0.676,0.4,40.706436032524344
15000.0,0.676,0.5,45.39436167951881
15000.0,0.676,0.6,49.107181621162745
15000.0,0.676,0.8,55.15110343540258
15000.0,0.676,1.0,59.63386097927522
15000.0,0.755,0.001,0.0
15000.0,0.755,0.005,0.0
15000.0,0.755,0.01,0.0
15000.0,0.755,0.0125,0.05194988829570522
15000.0,0.755,0.015,1.2065543768844667
15000.0,0.755,0.02,2.6547986044735237
15000.0,0.755,0.03,4.992053685582327
15000.0,0.755,0.04,6.946982198085489
15000.0,0.755,0.05,8.93699947327613
15000.0,0.755,0.1,16.96216447455515
15000.0,0.755,0.15,23.160123295746086
15000.0,0.755,0.2,27.71847190244721
15000.0,0.755,0.25,31.511803529476236
15000.0,0.755,0.3,35.10076975963959
15000.0,0.755,0.4,40.47693776579
15000.0,0.755,0.5,45.02854640961943
15000.0,0.755,0.6,48.82132918584907
15000.0,0.755,0.8,54.873224300791435
15000.0,0.755,1.0,59.433704395766526
15000.0,0.783,0.001,0.0
15000.0,0.783,0.005,0.0
15000.0,0.783,0.01,0.0
15000.0,0.783,0.0125,0.003096068019429225
15000.0,0.783,0.015,1.0079968783814865
15000.0,0.783,0.02,2.587821469108392
15000.0,0.783,0.03,4.74945322686085
15000.0,0.783,0.04,6.819324306501935
15000.0,0.783,0.05,8.777903144034791
15000.0,0.783,0.1,16.838045887222535
15000.0,0.783,0.15,22.89983797027442
15000.0,0.783,0.2,27.589090541610922
15000.0,0.783,0.25,31.50718271897663
15000.0,0.783,0.3,34.82893570755272
15000.0,0.783,0.4,40.419679346681065
15000.0,0.783,0.5,45.076816472584184
15000.0,0.783,0.6,48.89720625166371
15000.0,0.783,0.8,54.550481307920734
15000.0,0.783,1.0,59.29640351853185
15000.0,0.787,0.001,0.0
15000.0,0.787,0.005,0.0
15000.0,0.787,0.01,0.0
15000.0,0.787,0.0125,0.00090657016656193
15000.0,0.787,0.015,0.990282577809593
15000.0,0.787,0.02,2.566352647440326
15000.0,0.787,0.03,4.716959488568358
15000.0,0.787,0.04,6.8167718422510974
15000.0,0.787,0.05,8.753400908289356
15000.0,0.787,0.1,16.652674479750416
15000.0,0.787,0.15,22.738769413244185
15000.0,0.787,0.2,27.663415946805998
15000.0,0.787,0.25,31.351272307596467
15000.0,0.787,0.3,34.775881775492486
15000.0,0.787,0.4,40.06366972042477
15000.0,0.787,0.5,45.28360652922447
15000.0,0.787,0.6,48.68853523515623
15000.0,0.787,0.8,54.71670904350202
15000.0,0.787,1.0,59.47003266763951
15000.0,0.847,0.001,0.0
15000.0,0.847,0.005,0.0
15000.0,0.847,0.01,0.0
15000.0,0.847,0.0125,0.0
15000.0,0.847,0.015,0.6428563197106052
15000.0,0.847,0.02,2.3556337907017153
15000.0,0.847,0.03,4.418663825609228
15000.0,0.847,0.04,6.295320096897363
15000.0,0.847,0.05,8.23434202062524
15000.0,0.847,0.1,16.493157720947714
15000.0,0.847,0.15,22.698365455515276
15000.0,0.847,0.2,27.088595792826975
15000.0,0.847,0.25,31.020945839592674
15000.0,0.847,0.3,34.35331814251277
15000.0,0.847,0.4,40.30257986622956
15000.0,0.847,0.5,44.592180167314915
15000.0,0.847,0.6,48.50569466591876
15000.0,0.847,0.8,54.686507953327784
15000.0,0.847,1.0,58.879829429141424
20000.0,0.451,0.001,0.0
20000.0,0.451,0.005,0.0
20000.0,0.451,0.01,0.24620805142217833
20000.0,0.451,0.0125,1.4778358492357386
20000.0,0.451,0.015,2.397078553143935
20000.0,0.451,0.02,3.7617217794650637
20000.0,0.451,0.03,6.090705132967441
20000.0,0.451,0.04,8.304581781426867
20000.0,0.451,0.05,10.399039997847874
20000.0,0.451,0.1,19.03538404746682
20000.0,0.451,0.15,24.51167669787955
20000.0,0.451,0.2,28.936563002464077
20000.0,0.451,0.25,32.690203865682705
20000.0,0.451,0.3,35.85227484609554
20000.0,0.451,0.4,41.40020045376429
20000.0,0.451,0.5,45.888467321663335
20000.0,0.451,0.6,49.92236741276708
20000.0,0.451,0.8,55.881306785227956
20000.0,0.451,1.0,60.460609635542866
20000.0,0.486,0.001,0.0
20000.0,0.486,0.005,0.0
20000.0,0.486,0.01,0.10952646508866992
20000.0,0.486,0.0125,1.3688518565475494
20000.0,0.486,0.015,2.228630309109338
20000.0,0.486,0.02,3.679092305926234
20000.0,0.486,0.03,6.02235639489985
20000.0,0.486,0.04,8.378784545524846
20000.0,0.486,0.05,10.256686540376936
20000.0,0.486,0.1,18.606876665630544
20000.0,0.486,0.15,24.315732437082637
20000.0,0.486,0.2,28.766448902988238
20000.0,0.486,0.25,32.54052990464789
20000.0,0.486,0.3,35.59834702071755
20000.0,0.486,0.4,41.20561532496994
20000.0,0.486,0.5,45.81553285121932
20000.0,0.486,0.6,49.70331221595887
20000.0,0.486,0.8,55.79268891625903
20000.0,0.486,1.0,60.261049230193336
20000.0,0.561,0.001,0.0
20000.0,0.561,0.005,0.0
20000.0,0.561,0.01,0.0139020667797993
20000.0,0.561,0.0125,1.107024836049994
20000.0,0.561,0.015,2.0978929793976624
20000.0,0.561,0.02,3.5033834525242655
20000.0,0.561,0.03,5.671973658298669
20000.0,0.561,0.04,7.796476902407575
20000.0,0.561,0.05,9.954433540509536
20000.0,0.561,0.1,18.158899507282918
20000.0,0.561,0.15,24.050117354689565
20000.0,0.561,0.2,28.474055351504678
20000.0,0.561,0.25,32.30878844677174
20000.0,0.561,0.3,35.34837042919383
20000.0,0.561,0.4,41.10867654665025
20000.0,0.561,0.5,45.580895794682675
20000.0,0.561,0.6,49.54094648546068
20000.0,0.561,0.8,55.571895562161195
20000.0,0.561,1.0,60.09858227668086
20000.0,0.603,0.001,0.0
20000.0,0.603,0.005,0.0
20000.0,0.603,0.01,0.00134197969957722
20000.0,0.603,0.0125,0.9082528484424174
20000.0,0.603,0.015,1.9106260259460293
20000.0,0.603,0.02,3.234356594467311
20000.0,0.603,0.03,5.467550955816005
20000.0,0.603,0.04,7.608619507845313
20000.0,0.603,0.05,9.568847144250032
20000.0,0.603,0.1,17.883659090165533
20000.0,0.603,0.15,23.893421913787922
20000.0,0.603,0.2,28.65160586028345
20000.0,0.603,0.25,32.08631725476146
20000.0,0.603,0.3,35.33429995971473
20000.0,0.603,0.4,40.8682039219581
20000.0,0.603,0.5,45.35887507896554
20000.0,0.603,0.6,49.29002803554046
20000.0,0.603,0.8,55.408322949781635
20000.0,0.603,1.0,60.088128107500026
20000.0,0.661,0.001,0.0
20000.0,0.661,0.005,0.0
20000.0,0.661,0.01,0.0028741521370241998
20000.0,0.661,0.0125,0.6315475437642064
20000.0,0.661,0.015,1.6457522369112507
20000.0,0.661,0.02,3.147924570528761
20000.0,0.661,0.03,5.309373728773216
20000.0,0.661,0.04,7.327291104932009
20000.0,0.661,0.05,9.390730125893132
20000.0,0.661,0.1,17.53401601369761
20000.0,0.661,0.15,23.46872332557813
20000.0,0.661,0.2,28.19618137473705
20000.0,0.661,0.25,32.06673689606551
20000.0,0.661,0.3,35.21466415957003
20000.0,0.661,0.4,40.93794809470153
20000.0,0.661,0.5,45.12478153091574
20000.0,0.661,0.6,49.200958610756004
20000.0,0.661,0.8,54.98341018350432
20000.0,0.661,1.0,59.9582100803544
20000.0,0.676,0.001,0.0
20000.0,0.676,0.005,0.0
20000.0,0.676,0.01,0.0
20000.0,0.676,0.0125,0.4935755424928666
20000.0,0.676,0.015,1.5741428115124136
20000.0,0.676,0.02,2.9778966954618316
20000.0,0.676,0.03,5.198752934785177
20000.0,0.676,0.04,7.311757274287674
20000.0,0.676,0.05,9.279719314565083
20000.0,0.676,0.1,17.55754150744152
20000.0,0.676,0.15,23.586006577446962
20000.0,0.676,0.2,28.23957868489945
20000.0,0.676,0.25,31.928576893088707
20000.0,0.676,0.3,35.19299630911945
20000.0,0.676,0.4,40.865128342491694
20000.0,0.676,0.5,45.48691279958682
20000.0,0.676,0.6,49.20735516428907
20000.0,0.676,0.8,55.04785098970338
20000.0,0.676,1.0,59.60390241193289
20000.0,0.755,0.001,0.0
20000.0,0.755,0.005,0.0
20000.0,0.755,0.01,0.0
20000.0,0.755,0.0125,0.0803766375653377
20000.0,0.755,0.015,1.18854922917235
20000.0,0.755,0.02,2.65986866446634
20000.0,0.755,0.03,4.920501923075317
20000.0,0.755,0.04,6.858326119252185
20000.0,0.755,0.05,8.843458489102158
20000.0,0.755,0.1,16.903245630941022
20000.0,0.755,0.15,22.95371528634096
20000.0,0.755,0.2,27.692701462786232
20000.0,0.755,0.25,31.65682747302076
20000.0,0.755,0.3,34.9988552119633
20000.0,0.755,0.4,40.50436590214365
20000.0,0.755,0.5,45.073182544719
20000.0,0.755,0.6,48.936633766502396
20000.0,0.755,0.8,54.959745853611174
20000.0,0.755,1.0,59.30285480631032
20000.0,0.783,0.001,0.0
20000.0,0.783,0.005,0.0
20000.0,0.783,0.01,0.0
20000.0,0.783,0.0125,0.016011958228494695
20000.0,0.783,0.015,1.125843455343229
20000.0,0.783,0.02,2.619878355752941
20000.0,0.783,0.03,4.811631044805056
20000.0,0.783,0.04,6.857470730500853
20000.0,0.783,0.05,8.665669159667
20000.0,0.783,0.1,16.73335682795811
20000.0,0.783,0.15,22.93086940553418
20000.0,0.783,0.2,27.673427791513642
20000.0,0.783,0.25,31.54901328912296
20000.0,0.783,0.3,34.64141322575012
20000.0,0.783,0.4,40.344703419138355
20000.0,0.783,0.5,45.20032286762333
20000.0,0.783,0.6,48.71063004379913
20000.0,0.783,0.8,54.70299071475523
20000.0,0.783,1.0,59.372067410754404
20000.0,0.787,0.001,0.0
20000.0,0.787,0.005,0.0
20000.0,0.787,0.01,0.0
20000.0,0.787,0.0125,0.012632586253755036
20000.0,0.787,0.015,1.0366301853499749
20000.0,0.787,0.02,2.558139448702715
20000.0,0.787,0.03,4.660667242329207
20000.0,0.787,0.04,6.771917057838159
20000.0,0.787,0.05,8.676692937857613
20000.0,0.787,0.1,16.657425745898404
20000.0,0.787,0.15,22.83286939324144
20000.0,0.787,0.2,27.50472170149477
20000.0,0.787,0.25,31.237621182146967
20000.0,0.787,0.3,34.76936199391881
20000.0,0.787,0.4,40.35073834790383
20000.0,0.787,0.5,44.78513041572054
20000.0,0.787,0.6,48.67657171628623
20000.0,0.787,0.8,54.76816699578548
20000.0,0.787,1.0,59.231607328118415
20000.0,0.847,0.001,0.0
20000.0,0.847,0.005,0.0
20000.0,0.847,0.01,0.0
20000.0,0.847,0.0125,0.0
20000.0,0.847,0.015,0.7541103577770951
20000.0,0.847,0.02,2.2969136654460316
20000.0,0.847,0.03,4.362901694311555
20000.0,0.847,0.04,6.43492009341787
20000.0,0.847,0.05,8.276220855985077
20000.0,0.847,0.1,16.259947428482523
20000.0,0.847,0.15,22.313616658278207
20000.0,0.847,0.2,27.211796343500872
20000.0,0.847,0.25,31.293875630438485
20000.0,0.847,0.3,34.63209566196604
20000.0,0.847,0.4,40.012033608608206
20000.0,0.847,0.5,44.652550006127555
20000.0,0.847,0.6,48.513252432361504
20000.0,0.847,0.8,54.55995327678552
20000.0,0.847,1.0,58.93613444642034
